證券代號,證券名稱,成交股數,成交金額,開盤價,最高價,最低價,收盤價,漲跌價差,成交筆數
"0050","元大台灣50","3,779,950","393,960,616","103.80","104.50","103.50","104.50","+0.25","2,051"
"0051","元大中型100","42,125","1,703,254","40.20","40.70","40.13","40.70","+0.45","36"
"0052","富邦科技","205,331","18,403,890","89.10","90.00","88.90","90.00","+0.60","117"
"0053","元大電子","18,000","894,920","49.90","49.90","49.42","49.90","-0.06","14"
"0054","元大台商50","15,000","389,030","25.93","26.01","25.93","26.01","+0.01","3"
"0055","元大MSCI金融","15,141","276,281","18.25","18.25","18.23","18.25"," 0.00","15"
"0056","元大高股息","9,267,599","282,918,989","30.33","30.65","30.30","30.63","+0.31","4,301"
"0057","富邦摩台","37,010","2,535,537","68.35","68.75","68.25","68.75","+0.10","20"
"0061","元大寶滬深","397,598","8,327,536","20.84","21.00","20.79","21.00","+0.09","139"
"006203","元大MSCI台灣","110","5,366","0.00","0.00","0.00","0.00"," 0.00","2"
"006204","永豐臺灣加權","2,173","140,292","64.40","64.70","64.40","64.70","+0.35","5"
"006205","富邦上証","2,814,067","96,023,269","33.95","34.27","33.95","34.15"," 0.00","214"
"006206","元大上證50","324,218","11,245,131","34.66","34.86","34.54","34.80","+0.08","54"
"006207","FH滬深","1,435,321","39,205,637","27.40","27.45","27.18","27.45","+0.17","91"
"006208","富邦台50","740,128","44,133,568","59.55","59.80","59.20","59.70","-0.05","285"
"00625K","富邦上証+R","50,000","405,500","8.11","8.11","8.11","8.11","-0.05","2"
"00631L","元大台灣50正2","2,605,153","169,444,186","64.40","65.55","64.25","65.55","+0.45","837"
"00632R","元大台灣50反1","66,171,600","556,047,430","8.45","8.46","8.37","8.37","-0.04","4,666"
"00633L","富邦上証正2","8,381,300","459,588,740","54.60","55.25","54.15","55.25","+0.55","1,757"
"00634R","富邦上証反1","1,024,000","4,898,960","4.80","4.81","4.77","4.78","-0.02","78"
"00635U","元大S&P黃金","1,689,729","45,560,798","27.03","27.03","26.82","27.01","+0.32","636"
"00636","國泰中國A50","878,248","20,558,328","23.32","23.55","23.30","23.55","+0.15","155"
"00636K","國泰中國A50+U","100","793","7.93","7.93","7.93","7.93"," 0.00","1"
"00637L","元大滬深300正2","67,404,400","1,437,496,075","21.22","21.47","21.03","21.46","+0.20","6,875"
"00638R","元大滬深300反1","768,000","7,438,630","9.69","9.74","9.64","9.65","-0.04","98"
"00639","富邦深100","1,267,383","17,916,104","14.14","14.23","14.03","14.21","+0.07","124"
"00640L","富邦日本正2","609,000","11,993,620","19.68","19.76","19.63","19.69","-0.02","118"
"00641R","富邦日本反1","565,000","7,565,760","13.40","13.41","13.37","13.39","-0.02","72"
"00642U","元大S&P石油","5,093,755","43,128,325","8.50","8.50","8.43","8.47","-0.04","996"
"00643","群益深証中小","945,712","16,168,814","17.08","17.21","16.98","17.13","+0.06","309"
"00643K","群益深証中小+R","1,000","4,070","4.07","4.07","4.07","4.07","-0.03","1"
"00645","富邦日本","156,658","3,297,930","21.02","21.06","21.02","21.05"," 0.00","21"
"00646","元大S&P500","497,270","15,076,552","30.31","30.34","30.30","30.32","+0.02","157"
"00647L","元大S&P500正2","184,063","7,690,115","41.73","41.84","41.73","41.84","+0.19","43"
"00648R","元大S&P500反1","316,000","3,022,280","9.58","9.58","9.56","9.57","-0.01","72"
"00650L","FH香港正2","814,000","19,410,480","23.90","24.01","23.62","23.96","+0.02","220"
"00651R","FH香港反1","395,000","3,266,810","8.18","8.30","8.18","8.25","-0.02","63"
"00652","富邦印度","693,981","14,156,789","20.50","20.50","20.34","20.45","-0.05","170"
"00653L","富邦印度正2","3,435,000","77,562,270","22.52","22.72","22.41","22.61","-0.04","670"
"00654R","富邦印度反1","58,000","750,380","12.94","12.98","12.89","12.89"," 0.00","23"
"00655L","國泰中國A50正2","4,312,050","172,830,202","39.87","40.43","39.55","40.43","+0.44","930"
"00656R","國泰中國A50反1","216,000","1,905,070","8.82","8.85","8.77","8.77","-0.03","20"
"00657","國泰日經225","106,000","3,055,950","28.82","28.85","28.80","28.85","+0.01","7"
"00657K","國泰日經225+U","100","979","9.79","9.79","9.79","9.79","+0.01","1"
"00660","元大歐洲50","26,500","635,195","24.00","24.00","23.95","23.95","-0.21","19"
"00661","元大日經225","2,000","58,650","29.32","29.33","29.32","29.33","+0.07","2"
"00662","富邦NASDAQ","752,354","31,867,538","42.42","42.48","42.32","42.34","+0.25","136"
"00663L","國泰臺灣加權正2","46,000","2,656,700","57.00","58.10","57.00","58.10","+0.50","11"
"00664R","國泰臺灣加權反1","912,000","8,690,880","9.61","9.61","9.50","9.50","-0.05","209"
"00665L","富邦恒生國企正2","307,000","7,064,490","22.99","23.18","22.70","23.16","+0.17","57"
"00666R","富邦恒生國企反1","82,000","1,032,890","12.61","12.69","12.59","12.59","-0.02","5"
"00668","國泰美國道瓊","76,233","2,269,685","29.81","29.81","29.76","29.76","-0.03","42"
"00668K","國泰美國道瓊+U","100","1,009","10.09","10.09","10.09","10.09"," 0.00","1"
"00669R","國泰美國道瓊反1","1,685,000","17,604,110","10.46","10.46","10.44","10.45","-0.01","192"
"00670L","富邦NASDAQ正2","517,086","33,085,449","64.00","64.05","63.80","64.05","+0.95","204"
"00671R","富邦NASDAQ反1","1,039,000","7,974,080","7.68","7.69","7.67","7.67","-0.06","177"
"00672L","元大S&P原油正2","8,613,594","12,161,273","1.42","1.42","1.40","1.42"," 0.00","1,051"
"00673R","元大S&P原油反1","202,000","5,907,860","29.25","29.29","29.18","29.18","+0.11","55"
"00674R","元大S&P黃金反1","839,000","10,537,750","12.56","12.61","12.53","12.54","-0.16","185"
"00675L","富邦臺灣加權正2","347,000","8,643,600","24.64","25.10","24.59","25.06","+0.14","176"
"00676R","富邦臺灣加權反1","1,016,000","5,259,980","5.20","5.21","5.15","5.15","-0.03","181"
"00677U","富邦VIX","105,982,713","513,726,537","4.87","4.89","4.81","4.81","-0.05","8,742"
"00678","群益NBI生技","338,150","8,673,795","25.56","25.72","25.56","25.71","+0.08","23"
"00680L","元大美債20正2","258,000","8,204,860","31.86","31.88","31.75","31.76","-0.81","78"
"00681R","元大美債20反1","107,000","1,344,340","12.55","12.57","12.53","12.55","+0.15","10"
"00682U","元大美元指數","48,000","896,090","18.68","18.68","18.65","18.65","-0.01","25"
"00683L","元大美元指數正2","96,000","1,711,050","17.85","17.86","17.80","17.83","-0.02","33"
"00684R","元大美元指數反1","5,000","94,180","18.84","18.84","18.82","18.82"," 0.00","3"
"00685L","群益臺灣加權正2","19,000","420,950","21.84","22.33","21.84","22.31","+0.33","13"
"00686R","群益臺灣加權反1","43,000","242,580","5.68","5.68","5.63","5.63","-0.03","10"
"00688L","國泰20年美債正2","251,000","8,078,220","32.22","32.22","32.18","32.18","-0.78","13"
"00689R","國泰20年美債反1","154,000","1,986,040","12.90","12.91","12.86","12.91","+0.19","8"
"00690","兆豐藍籌30","514,192","13,333,890","25.91","25.99","25.89","25.99","-0.02","39"
"00691R","兆豐藍籌30反1","0","0","0.00","0.00","0.00","0.00"," 0.00","0"
"00692","富邦公司治理","2,042,410","54,321,116","26.55","26.68","26.45","26.64","+0.07","528"
"00693U","街口S&P黃豆","6,800,049","95,417,446","14.05","14.05","14.01","14.05","+0.15","1,224"
"00700","富邦恒生國企","111,002","2,149,778","19.34","19.37","19.34","19.34","+0.04","7"
"00701","國泰股利精選30","1,553,497","32,997,170","21.21","21.28","21.20","21.24","+0.03","853"
"00702","國泰標普低波高息","25,000","418,470","16.75","16.77","16.72","16.73","-0.07","7"
"00703","台新MSCI中國","41,050","960,030","23.00","23.43","23.00","23.43","+0.03","23"
"00706L","元大S&P日圓正2","70,000","1,212,240","17.32","17.33","17.31","17.33","-0.02","10"
"00707R","元大S&P日圓反1","1,000","19,410","19.41","19.41","19.41","19.41","+0.07","1"
"00708L","元大S&P黃金正2","5,030,000","168,812,930","33.73","33.75","33.26","33.62","+0.72","1,190"
"00709","富邦歐洲","111,079","2,236,018","20.15","20.15","20.12","20.13","-0.13","9"
"00710B","FH彭博高收益債","1,315,000","25,019,240","19.03","19.03","19.01","19.03"," 0.00","49"
"00711B","FH彭博新興債","3,105,073","72,475,258","23.40","23.44","23.24","23.24","-0.25","72"
"00712","FH富時不動產","2,185,250","24,568,752","11.29","11.29","11.22","11.23","-0.14","731"
"00713","元大台灣高息低波","56,675","1,861,122","32.75","32.90","32.75","32.90","+0.10","43"
"00714","群益道瓊美國地產","18,000","336,850","18.76","18.76","18.70","18.76","-0.14","7"
"00715L","街口布蘭特油正2","15,221,000","68,284,870","4.50","4.53","4.45","4.53","+0.03","1,418"
"00717","富邦美國特別股","706,228","11,878,139","16.81","16.84","16.80","16.81","+0.03","155"
"00728","第一金工業30","290,000","6,600,930","22.75","22.79","22.73","22.75","-0.01","41"
"00730","富邦臺灣優質高息","157,814","2,802,509","17.71","17.82","17.69","17.75","+0.04","112"
"00731","FH富時高息低波","1,072,000","51,102,220","47.42","47.73","47.31","47.73","+0.28","53"
"00732","國泰RMB短期報酬","193,000","7,348,490","38.10","38.10","38.03","38.03","-0.14","11"
"00733","富邦臺灣中小","284,292","7,355,905","25.40","26.00","25.40","25.99","+0.59","26"
"00735","國泰臺韓科技","173,000","4,259,860","24.58","24.70","24.58","24.70","-0.03","23"
"00736","國泰新興市場","112,001","2,246,290","19.97","20.12","19.97","20.12","+0.06","12"
"00737","國泰AI+Robo","190,309","4,742,847","24.89","24.93","24.89","24.93","+0.19","86"
"00738U","元大道瓊白銀","8,162,650","240,520,071","29.39","29.67","29.14","29.54","+1.53","2,217"
"00739","元大MSCI A股","533,668","13,420,369","25.20","25.30","25.02","25.29","+0.14","68"
"00742","新光內需收益","601,000","12,763,240","21.24","21.27","21.22","21.24","+0.09","5"
"00743","國泰中國A150","8,294","210,612","25.48","25.48","25.28","25.44","+0.05","8"
"00752","中信中國50","368,500","10,066,121","27.47","27.47","27.18","27.37","+0.07","128"
"00753L","中信中國50正2","665,000","21,266,790","32.12","32.13","31.68","32.07","-0.05","104"
"00757","統一FANG+","379,000","13,448,230","35.14","35.57","35.14","35.57","+0.55","89"
"00762","元大全球AI","84,000","2,549,100","30.37","30.40","30.33","30.35","+0.15","49"
"00763U","街口道瓊銅","438,000","8,275,390","18.87","18.98","18.87","18.98","-0.27","107"
"00766L","台新MSCI中國正2","110,000","1,197,980","10.89","10.92","10.84","10.89","+0.09","32"
"00770","國泰北美科技","40,000","1,195,110","29.85","29.90","29.84","29.88","+0.14","23"
"00771","元大US高息特別股","45,050","870,816","19.35","19.35","19.32","19.33"," 0.00","20"
"00774B","新光中國政金綠債","800,000","31,020,000","38.80","38.80","38.75","38.75","-0.05","2"
"00774C","新光中政金綠債+R","0","0","0.00","0.00","0.00","0.00"," 0.00","0"
"00775B","新光投等債15+","702,000","33,279,300","47.60","47.60","47.15","47.15","-0.45","4"
"00783","富邦中証500","1,033,748","22,555,657","21.81","22.00","21.78","21.93","+0.02","47"
"008201","BP上證50","0","0","0.00","0.00","0.00","0.00"," 0.00","0"
"00830","國泰費城半導體","461,397","9,565,027","20.77","20.77","20.70","20.74","-0.03","105"
"00850","元大臺灣ESG永續","1,488,907","38,739,755","26.00","26.09","25.89","26.06","+0.06","808"
"00851","台新全球AI","26,037","693,066","26.60","26.63","26.60","26.63","+0.20","14"
"00852L","國泰美國道瓊正2","4,847,000","68,828,800","14.21","14.23","14.18","14.23","+0.02","406"
"00861","元大全球未來通訊","1,456,311","34,952,214","24.07","24.07","23.97","24.00","-0.07","624"
"00865B","國泰US短期公債","106,000","4,118,050","38.84","38.85","38.84","38.85","+0.01","5"
"00866","新光Shiller CAPE","69,000","1,430,110","20.72","20.73","20.72","20.73","+0.04","9"
"00875","國泰網路資安","980,000","26,107,750","26.60","26.68","26.60","26.68","+0.08","352"
"00876","元大未來關鍵科技","3,047,000","66,198,625","21.73","21.78","21.68","21.74","+0.01","795"
"00878","國泰永續高股息","9,453,444","142,904,600","15.08","15.15","15.05","15.14","+0.07","2,907"
"01001T","土銀富邦R1","1,000","17,210","17.21","17.21","17.21","17.21","+0.01","1"
"01002T","土銀國泰R1","96,000","1,725,760","17.98","17.98","17.97","17.97","-0.01","25"
"01003T","兆豐新光R1","88,000","1,695,930","19.28","19.29","19.26","19.26"," 0.00","32"
"01004T","土銀富邦R2","10,000","151,600","15.16","15.16","15.16","15.16","-0.04","1"
"01007T","兆豐國泰R2","1,000","18,350","18.35","18.35","18.35","18.35"," 0.00","1"
"01009T","王道圓滿R1","22,000","208,490","9.47","9.49","9.47","9.47","-0.02","8"
"01010T","京城樂富R1","86,000","881,310","10.35","10.35","10.21","10.30","+0.01","14"
"020000","富邦特選蘋果N","63,000","370,970","5.89","5.89","5.88","5.89","+0.06","12"
"020002","元富新中國N","0","0","0.00","0.00","0.00","0.00"," 0.00","0"
"020004","兆豐電菁英30N","26,000","676,940","26.03","26.11","26.03","26.11","+0.05","2"
"020006","永昌中小300N","0","0","0.00","0.00","0.00","0.00"," 0.00","0"
"020007","凱基臺灣500N","0","0","0.00","0.00","0.00","0.00"," 0.00","0"
"020008","元大特股高息N","437,000","4,768,060","10.91","10.92","10.89","10.91","-0.03","32"
"020011","統一微波高息20N","47,000","233,720","4.98","5.00","4.94","4.99","+0.05","13"
"020012","富邦行動通訊N","72,000","405,220","5.63","5.66","5.62","5.66","+0.03","18"
"020015","統一MSCI美低波N","0","0","0.00","0.00","0.00","0.00"," 0.00","0"
"020016","統一MSCI美科技N","1,000","14,740","14.74","14.74","14.74","14.74"," 0.00","1"
"020018","統一價值成長30N","832,000","8,760,100","10.41","10.57","10.40","10.57","+0.15","95"
"020019","統一特選台灣5GN","3,273,000","32,413,300","9.94","9.96","9.84","9.95","+0.01","383"
"02001L","富邦蘋果正二N","0","0","0.00","0.00","0.00","0.00"," 0.00","0"
"02001R","富邦蘋果反一N","51,000","200,460","3.96","3.96","3.93","3.93","X0.00","2"
"1101","台泥","36,239,984","1,535,910,762","41.30","43.00","41.25","42.85","+1.65","14,561"
"1101B","台泥乙特","4,059","216,137","53.10","53.30","53.10","53.30"," 0.00","7"
"1102","亞泥","6,339,031","262,901,331","40.80","41.75","40.80","41.50","+0.40","2,759"
"1103","嘉泥","875,525","14,414,158","16.30","16.60","16.30","16.55","+0.20","303"
"1104","環泥","741,559","13,496,736","18.15","18.30","18.10","18.25","+0.20","421"
"1108","幸福","1,620,625","16,568,823","9.98","10.50","9.96","10.25","+0.28","445"
"1109","信大","399,997","7,073,994","17.30","18.00","17.30","18.00","+0.75","254"
"1110","東泥","73,000","1,180,500","16.10","16.40","16.00","16.20","+0.10","33"
"1201","味全","1,373,038","28,249,774","20.60","20.75","20.50","20.60"," 0.00","598"
"1203","味王","100,222","3,011,077","30.10","30.20","30.00","30.10","-0.05","51"
"1210","大成","2,785,864","131,021,818","46.80","47.25","46.40","47.15","+0.30","1,602"
"1213","大飲","17,999","172,349","9.45","9.69","9.45","9.65"," 0.00","16"
"1215","卜蜂","582,419","40,990,949","70.60","70.70","69.90","70.70","-0.10","452"
"1216","統一","7,638,106","521,673,350","68.20","68.70","67.90","68.30"," 0.00","2,677"
"1217","愛之味","1,874,678","13,824,326","7.35","7.40","7.34","7.38","+0.01","535"
"1218","泰山","5,418,050","123,251,441","22.40","23.10","22.40","22.85","+0.55","1,271"
"1219","福壽","297,001","5,917,419","19.80","20.10","19.75","20.00","+0.20","133"
"1220","台榮","250,100","2,837,383","11.35","11.40","11.30","11.35"," 0.00","91"
"1225","福懋油","23,038","779,778","34.00","34.00","33.75","33.90","-0.15","30"
"1227","佳格","584,467","36,368,470","62.30","62.50","62.00","62.50"," 0.00","471"
"1229","聯華","2,324,693","97,053,922","42.00","42.05","41.55","41.85","+0.05","1,471"
"1231","聯華食","276,312","11,675,588","42.05","42.45","41.90","42.25","+0.20","199"
"1232","大統益","17,510","2,098,451","120.00","120.00","119.50","120.00"," 0.00","40"
"1233","天仁","21,204","778,359","36.50","36.90","36.50","36.55","-0.20","31"
"1234","黑松","216,935","6,950,661","31.90","32.20","31.85","32.05","+0.15","115"
"1235","興泰","9,229","238,891","25.80","26.00","25.60","25.90","+0.10","10"
"1236","宏亞","25,001","328,908","13.10","13.25","13.00","13.10","-0.20","38"
"1256","鮮活果汁-KY","63,768","13,555,461","212.50","214.00","209.00","213.50","+1.00","97"
"1301","台塑","2,780,428","223,794,568","80.20","80.80","80.00","80.80","-0.10","1,726"
"1303","南亞","1,725,914","108,915,327","62.90","63.40","62.80","63.30","-0.30","974"
"1304","台聚","2,831,891","35,108,382","12.30","12.50","12.20","12.45","+0.15","1,036"
"1305","華夏","2,239,762","40,187,735","17.75","18.20","17.40","18.10","+0.30","978"
"1307","三芳","295,087","6,353,886","21.60","21.70","21.30","21.70","+0.20","170"
"1308","亞聚","1,355,587","23,733,172","17.10","17.80","17.10","17.65","+0.65","705"
"1309","台達化","16,044,320","302,169,906","18.60","19.30","18.25","18.75","+0.30","5,015"
"1310","台苯","3,518,665","55,158,594","15.30","15.90","15.25","15.75","+0.45","1,346"
"1312","國喬","41,532,478","672,632,341","15.50","16.65","15.40","16.65","+1.50","8,733"
"1312A","國喬特","2,000","60,200","30.10","30.10","30.10","30.10"," 0.00","2"
"1313","聯成","6,199,987","70,394,235","11.25","11.50","11.20","11.45","+0.25","1,520"
"1314","中石化","20,367,958","171,182,118","8.26","8.49","8.21","8.46","+0.20","4,171"
"1315","達新","1,634,679","87,814,666","54.00","54.50","52.80","53.80","-1.50","990"
"1316","上曜","1,153,040","13,047,511","11.40","11.45","11.20","11.35","-0.20","486"
"1319","東陽","1,139,894","42,176,013","36.60","37.35","36.45","37.10","+0.25","823"
"1321","大洋","980,293","33,916,722","34.10","35.10","34.10","35.10","+1.00","438"
"1323","永裕","789,016","26,642,494","33.40","34.10","33.35","34.10","+0.85","362"
"1324","地球","78,003","801,230","10.25","10.35","10.10","10.35","+0.15","36"
"1325","恆大","16,858,853","2,726,803,951","155.00","168.00","154.00","165.00","+11.50","11,641"
"1326","台化","2,913,672","207,455,294","70.80","71.50","70.60","71.50","+0.10","1,462"
"1337","再生-KY","596,328","3,047,264","5.12","5.18","5.04","5.15","+0.04","470"
"1338","廣華-KY","1,156,001","65,932,357","55.40","58.10","55.30","57.20","+2.00","722"
"1339","昭輝","108,000","4,750,900","43.60","44.35","43.35","44.25","+0.65","94"
"1340","勝悅-KY","262,597","2,755,006","10.65","10.65","10.35","10.60","+0.05","128"
"1341","富林-KY","10,000","590,000","59.00","59.00","59.00","59.00","-0.80","6"
"1402","遠東新","5,230,265","137,182,970","26.30","26.30","26.15","26.25","-0.10","2,129"
"1409","新纖","1,694,384","19,729,428","11.55","11.70","11.55","11.70","+0.15","570"
"1410","南染","0","0","0.00","0.00","0.00","0.00"," 0.00","0"
"1413","宏洲","71,824","598,489","8.35","8.50","8.30","8.48","+0.13","28"
"1414","東和","135,321","932,342","6.88","6.95","6.87","6.90","+0.04","66"
"1416","廣豐","687,514","9,615,996","13.60","14.40","13.50","14.10","+0.20","281"
"1417","嘉裕","667,113","6,107,888","9.16","9.25","9.13","9.14","-0.02","243"
"1418","東華","10,615","85,290","8.19","8.20","7.80","7.80","-0.40","9"
"1419","新紡","36,002","1,586,788","43.00","44.95","43.00","44.70","+0.70","34"
"1423","利華","98,658","1,403,790","14.20","14.35","14.15","14.35","+0.15","61"
"1432","大魯閣","330,735","2,126,624","6.43","6.43","6.43","6.43","+0.58","83"
"1434","福懋","2,526,859","76,732,526","30.25","30.60","30.25","30.55","+0.25","1,530"
"1435","中福","191,005","1,683,503","8.77","8.86","8.71","8.83","+0.06","66"
"1436","華友聯","40,190","1,483,644","36.60","37.10","36.55","37.05","+0.40","27"
"1437","勤益控","147,686","3,322,066","22.60","22.60","22.35","22.55","+0.15","57"
"1438","裕豐","2,000","25,200","12.55","12.65","12.55","12.65","+0.10","2"
"1439","中和","637,001","25,362,491","39.40","40.45","39.25","39.95","+0.80","371"
"1440","南紡","2,465,022","26,697,092","10.80","10.90","10.70","10.90","+0.10","1,078"
"1441","大東","92,749","685,641","7.47","7.53","7.35","7.44","-0.03","69"
"1442","名軒","306,000","5,302,000","17.30","17.40","17.30","17.30","-0.10","86"
"1443","立益","47,833","436,063","9.20","9.35","9.02","9.35"," 0.00","32"
"1444","力麗","11,108,870","115,894,309","10.10","10.60","10.10","10.55","+0.45","3,759"
"1445","大宇","20,427","175,363","8.58","8.60","8.58","8.60","+0.03","16"
"1446","宏和","35,123","981,869","27.85","28.00","27.85","28.00","+0.15","25"
"1447","力鵬","1,525,325","9,883,335","6.36","6.56","6.36","6.47","+0.11","481"
"1449","佳和","935,664","16,179,451","17.40","17.60","17.15","17.35"," 0.00","329"
"1451","年興","113,924","1,842,798","16.15","16.40","16.00","16.30","+0.10","94"
"1452","宏益","207,318","3,158,447","15.35","15.35","15.20","15.25","-0.10","117"
"1453","大將","142,326","1,157,236","8.10","8.18","8.07","8.09","+0.02","90"
"1454","台富","33,809","277,813","8.30","8.30","8.17","8.22","-0.01","24"
"1455","集盛","678,799","4,816,083","7.03","7.14","7.03","7.09","+0.03","258"
"1456","怡華","7,704","76,265","9.90","9.93","9.90","9.93","-0.06","7"
"1457","宜進","3,526,617","47,851,807","13.45","13.75","13.35","13.60","+0.45","1,047"
"1459","聯發","84,573","619,516","7.23","7.45","7.21","7.45","+0.16","77"
"1460","宏遠","3,756,859","38,276,170","10.20","10.35","10.00","10.05","+0.36","1,319"
"1463","強盛","51,854","588,348","11.25","11.40","11.25","11.35","+0.05","74"
"1464","得力","608,227","10,950,276","17.90","18.20","17.80","18.20","+0.30","311"
"1465","偉全","131,000","1,987,150","15.15","15.20","15.10","15.15"," 0.00","68"
"1466","聚隆","1,735,050","29,202,807","16.75","17.20","16.00","17.15","+0.80","849"
"1467","南緯","2,678,508","59,715,577","21.15","22.95","21.10","22.85","+1.75","1,662"
"1468","昶和","58,000","690,750","12.30","12.35","11.70","12.20","-0.30","37"
"1470","大統新創","0","0","0.00","0.00","0.00","0.00"," 0.00","0"
"1471","首利","303,001","1,225,942","3.91","4.10","3.91","4.06","-0.18","93"
"1472","三洋紡","161,000","1,923,000","11.80","12.05","11.80","12.00","+0.20","110"
"1473","台南","304,964","5,500,573","18.10","18.10","18.00","18.05"," 0.00","185"
"1474","弘裕","1,487,734","20,197,058","13.45","13.75","13.25","13.50","+0.15","695"
"1475","本盟","1,219","21,818","18.00","18.00","18.00","18.00","X0.00","8"
"1476","儒鴻","532,025","205,908,150","386.00","389.50","385.50","386.50"," 0.00","490"
"1477","聚陽","4,975,180","923,838,480","181.00","187.50","180.00","186.50","+5.50","3,420"
"1503","士電","275,777","12,931,188","46.30","47.20","46.30","47.15","+0.70","195"
"1504","東元","5,693,703","160,780,450","28.35","28.90","27.40","28.75","-0.35","3,297"
"1506","正道","481,001","6,087,662","12.35","12.90","12.25","12.50","+0.15","207"
"1507","永大","182,453","10,255,112","56.00","57.40","55.30","56.20","-0.20","126"
"1512","瑞利","38,686","152,679","3.96","3.96","3.93","3.94","-0.02","15"
"1513","中興電","18,214,338","572,343,887","31.10","32.40","30.90","31.40","+0.30","4,120"
"1514","亞力","2,862,232","74,902,985","25.90","26.55","25.80","26.20","+0.30","1,421"
"1515","力山","1,714,011","147,092,938","86.60","87.00","85.10","85.40","-0.10","1,162"
"1516","川飛","65,623","930,222","14.45","14.45","14.05","14.15","-0.10","35"
"1517","利奇","967,120","10,137,359","10.30","10.65","10.30","10.50","+0.20","395"
"1519","華城","4,891,565","170,492,925","34.10","35.30","33.95","34.85","+1.10","2,586"
"1521","大億","28,100","1,558,400","55.80","55.80","55.30","55.40","-0.40","27"
"1522","堤維西","318,906","7,132,798","22.25","22.70","22.10","22.30","-0.10","190"
"1524","耿鼎","75,001","695,229","9.22","9.32","9.22","9.27","+0.05","45"
"1525","江申","56,000","2,730,500","48.75","49.00","48.30","48.90","+0.65","45"
"1526","日馳","2,337,503","102,281,950","43.85","44.50","43.20","43.35","-0.30","1,427"
"1527","鑽全","271,556","10,993,568","40.90","40.90","40.20","40.45","+0.35","196"
"1528","恩德","708,054","5,614,622","7.86","8.05","7.75","8.00","+0.17","218"
"1529","樂士","57,676","890,277","15.70","15.70","15.30","15.50","+0.20","35"
"1530","亞崴","44,164","1,350,558","30.85","30.85","30.40","30.65","-0.30","36"
"1531","高林股","252,028","2,674,736","10.55","10.70","10.55","10.60","+0.05","222"
"1532","勤美","403,025","10,879,875","26.60","27.25","26.55","27.00","+0.25","180"
"1533","車王電","51,020","1,512,845","29.65","30.20","29.40","29.90","+0.25","41"
"1535","中宇","25,143","792,125","31.50","31.95","31.35","31.40","-0.10","23"
"1536","和大","3,100,042","308,418,700","96.00","101.50","96.00","99.90","+3.30","2,236"
"1537","廣隆","109,901","15,655,244","142.00","143.00","142.00","143.00","+1.00","105"
"1538","正峰新","67,583","260,180","3.94","4.00","3.76","3.76","X0.00","18"
"1539","巨庭","199,171","3,614,478","18.30","18.65","18.00","18.00","-0.65","114"
"1540","喬福","138,061","2,014,184","14.60","14.65","14.55","14.60","-0.10","72"
"1541","錩泰","186,000","9,885,700","53.20","53.70","52.90","53.30","+0.20","102"
"1558","伸興","562,021","76,587,384","135.00","137.50","135.00","137.50","+3.00","363"
"1560","中砂","258,400","16,406,319","63.60","63.90","63.00","63.60","+0.30","191"
"1568","倉佑","51,532","773,401","15.15","15.15","14.90","14.95","-0.20","79"
"1582","信錦","367,040","30,715,939","83.50","84.10","83.50","83.60","+0.10","242"
"1583","程泰","9,000","523,600","59.00","59.00","57.30","58.00","-0.90","9"
"1587","吉茂","989,209","20,939,093","20.90","21.50","20.85","21.30","-0.30","509"
"1589","永冠-KY","8,649,166","847,187,933","96.80","99.80","96.00","97.30","+2.30","5,782"
"1590","亞德客-KY","587,152","391,293,840","664.00","673.00","653.00","667.00","+8.00","526"
"1592","英瑞-KY","281,000","3,163,550","11.35","11.50","11.15","11.20","-0.15","149"
"1598","岱宇","6,031,828","572,653,687","98.80","98.80","92.60","94.80","-1.20","3,797"
"1603","華電","61,600","1,775,030","28.70","29.05","28.70","28.70","+0.30","37"
"1604","聲寶","839,263","19,046,823","22.65","22.80","22.60","22.80"," 0.00","345"
"1605","華新","8,853,780","140,846,632","15.75","16.00","15.75","15.95","+0.05","2,541"
"1608","華榮","657,933","5,902,922","8.85","9.03","8.85","8.98","+0.13","266"
"1609","大亞","19,841,398","276,903,138","13.65","14.20","13.50","13.90","+0.20","5,656"
"1611","中電","1,673,854","18,930,692","11.05","11.40","11.05","11.35","+0.25","427"
"1612","宏泰","401,330","4,736,606","11.70","11.90","11.70","11.85","+0.15","151"
"1614","三洋電","173,550","6,129,710","35.05","35.65","35.00","35.50","+0.40","90"
"1615","大山","102,260","2,249,620","21.80","22.35","21.80","22.00","+0.25","62"
"1616","億泰","129,097","609,025","4.65","4.76","4.65","4.71","+0.06","47"
"1617","榮星","52,000","618,200","11.90","12.00","11.85","11.90"," 0.00","25"
"1618","合機","766,200","6,725,599","8.83","8.90","8.70","8.75","+0.09","221"
"1626","艾美特-KY","487,400","12,715,810","26.50","26.70","25.70","26.15","-0.25","287"
"1701","中化","14,975,123","353,305,439","22.50","24.20","22.45","23.50","+1.50","5,411"
"1702","南僑","214,819","9,046,339","41.85","42.30","41.85","42.20","+0.35","162"
"1707","葡萄王","115,187","20,885,621","180.00","182.00","180.00","181.50","+1.50","134"
"1708","東鹼","245,153","5,389,670","21.80","22.05","21.80","22.05","+0.20","116"
"1709","和益","1,353,837","19,383,850","14.20","14.45","14.05","14.45","+0.25","539"
"1710","東聯","1,129,869","18,358,253","16.15","16.40","16.00","16.25","+0.10","543"
"1711","永光","3,867,418","64,464,878","16.50","16.95","16.25","16.75","+0.50","1,675"
"1712","興農","4,270,073","89,073,511","20.50","21.05","20.50","21.00","+0.50","1,374"
"1713","國化","32,543","581,217","17.85","17.90","17.80","17.90","+0.10","18"
"1714","和桐","28,898,007","252,741,202","8.75","8.88","8.60","8.74","+0.59","6,706"
"1717","長興","9,189,538","311,899,792","34.10","34.75","33.50","34.00"," 0.00","5,350"
"1718","中纖","4,478,115","29,956,546","6.69","6.73","6.61","6.72","+0.11","950"
"1720","生達","556,460","23,350,191","41.65","42.45","41.60","42.05","+0.40","344"
"1721","三晃","1,992,787","21,263,454","10.50","11.10","10.40","10.40","+0.20","695"
"1722","台肥","2,594,121","148,495,997","56.80","57.70","56.80","57.50","+0.50","1,351"
"1723","中碳","271,338","25,265,572","93.50","93.50","92.70","93.30","-0.20","263"
"1724","台硝","4,088","50,965","12.45","12.50","12.45","12.50","+0.05","9"
"1725","元禎","10,022","137,709","13.80","13.80","13.70","13.75","-0.05","10"
"1726","永記","24,159","1,722,535","71.40","71.40","71.20","71.20"," 0.00","24"
"1727","中華化","145,714","1,521,686","10.45","10.50","10.30","10.40","-0.05","97"
"1730","花仙子","225,422","16,133,939","70.80","72.10","70.70","71.90","X0.00","182"
"1731","美吾華","1,025,500","17,424,400","16.95","17.25","16.75","16.90","-0.10","517"
"1732","毛寶","439,000","11,406,350","25.90","26.40","25.55","25.95","+0.55","288"
"1733","五鼎","330,103","8,932,518","27.00","27.50","26.90","26.90","-0.10","183"
"1734","杏輝","14,372,495","750,364,868","50.60","53.90","50.50","51.40","-0.50","8,993"
"1735","日勝化","1,000","17,000","17.00","17.00","17.00","17.00","+0.05","1"
"1736","喬山","2,329,154","163,818,748","72.00","72.20","69.20","69.30","-1.50","1,724"
"1737","臺鹽","329,829","10,472,956","31.75","31.85","31.65","31.85","+0.05","181"
"1760","寶齡富錦","3,246,076","384,142,196","114.00","122.00","113.00","121.00","+6.00","2,164"
"1762","中化生","3,717,470","203,130,782","54.00","55.50","53.10","55.50","+5.00","2,022"
"1773","勝一","215,731","22,661,486","106.50","106.50","104.00","105.50","-0.50","211"
"1776","展宇","1,000","17,000","17.00","17.00","17.00","17.00","-0.05","1"
"1783","和康生","224,002","5,774,052","25.55","26.00","25.45","25.80","+0.25","143"
"1786","科妍","59,189","3,825,590","64.20","65.20","64.20","64.60","+0.10","54"
"1789","神隆","3,125,943","102,634,490","31.85","33.50","31.85","32.50","+0.70","2,041"
"1795","美時","602,100","47,019,680","77.70","78.90","77.00","78.30","+0.60","424"
"1802","台玻","2,668,597","27,807,284","10.30","10.55","10.25","10.55","+0.25","1,014"
"1805","寶徠","62,037","562,383","9.06","9.18","9.00","9.17","+0.11","36"
"1806","冠軍","255,657","1,403,863","5.46","5.54","5.45","5.50","+0.04","132"
"1808","潤隆","393,623","27,006,899","68.90","68.90","68.40","68.70","-0.20","171"
"1809","中釉","617,462","6,555,164","10.65","10.70","10.55","10.60","+0.05","261"
"1810","和成","1,069,000","8,807,560","8.08","8.34","8.05","8.22","+0.19","370"
"1817","凱撒衛","37,150","1,117,732","30.15","30.15","30.05","30.10"," 0.00","29"
"1903","士紙","1,268,282","95,912,796","70.90","78.10","70.50","78.00","+7.00","897"
"1904","正隆","10,140,901","265,667,254","25.60","26.60","25.60","26.35","+0.80","4,426"
"1905","華紙","1,230,659","10,739,083","8.62","8.83","8.59","8.77","+0.13","448"
"1906","寶隆","592,372","7,768,303","13.00","13.20","13.00","13.15","+0.15","89"
"1907","永豐餘","11,092,141","162,810,143","14.45","14.85","14.45","14.75","+0.35","2,112"
"1909","榮成","4,469,625","66,936,338","14.80","15.05","14.75","15.00","+0.10","1,156"
"2002","中鋼","11,579,393","233,691,751","20.10","20.30","20.00","20.20"," 0.00","3,735"
"2002A","中鋼特","31,030","1,653,902","53.20","53.40","53.20","53.40"," 0.00","22"
"2006","東和鋼鐵","3,632,344","89,031,857","24.45","24.80","24.20","24.75","+0.20","1,267"
"2007","燁興","134,400","537,371","3.98","4.04","3.96","3.98","+0.03","52"
"2008","高興昌","1,242","15,313","12.35","12.35","12.35","12.35","-0.05","5"
"2009","第一銅","96,550","754,336","7.76","7.87","7.76","7.87"," 0.00","44"
"2010","春源","413,685","4,118,635","9.95","9.98","9.92","9.97","+0.07","127"
"2012","春雨","66,753","1,072,013","16.00","16.15","15.95","15.95","-0.05","505"
"2013","中鋼構","1,189,108","33,653,692","28.25","28.55","27.90","28.15","+0.25","599"
"2014","中鴻","5,198,077","43,005,292","8.20","8.37","8.09","8.35","+0.22","1,170"
"2015","豐興","234,505","13,033,576","55.70","55.70","55.40","55.70","+0.20","177"
"2017","官田鋼","148,330","1,137,234","7.63","7.77","7.63","7.68","+0.02","63"
"2020","美亞","301,500","4,796,745","15.90","15.95","15.80","15.95","+0.25","157"
"2022","聚亨","300,516","1,348,130","4.47","4.54","4.46","4.51","-0.01","111"
"2023","燁輝","533,470","4,580,961","8.58","8.63","8.54","8.62","+0.04","282"
"2024","志聯","56,151","876,904","15.75","15.75","15.55","15.60","-0.15","40"
"2025","千興","91,001","169,781","1.89","1.89","1.80","1.80","-0.04","32"
"2027","大成鋼","7,046,642","152,764,868","21.80","22.20","21.55","21.60","-0.20","3,485"
"2028","威致","111,738","1,038,294","9.25","9.31","9.25","9.27","-0.03","30"
"2029","盛餘","206,975","3,666,292","18.00","18.00","17.40","17.60","+0.40","111"
"2030","彰源","82,818","826,210","9.93","10.05","9.92","10.05","+0.07","68"
"2031","新光鋼","1,690,834","49,608,618","29.00","29.80","28.55","29.70","+0.90","929"
"2032","新鋼","230,100","2,024,220","8.70","8.95","8.70","8.73","+0.01","87"
"2033","佳大","28,803","258,416","8.92","9.06","8.92","8.95","-0.02","28"
"2034","允強","453,478","10,596,451","23.15","23.55","23.15","23.55","+0.40","200"
"2038","海光","1,935,299","15,126,473","7.55","7.99","7.52","7.77","+0.45","733"
"2049","上銀","1,773,663","561,681,671","315.50","319.50","311.50","318.50","+1.50","1,535"
"2059","川湖","386,308","125,734,177","328.00","328.50","324.50","327.00","-1.00","283"
"2062","橋椿","533,099","13,143,060","24.00","25.15","24.00","24.85","+0.65","344"
"2069","運錩","31,000","458,000","14.80","14.80","14.70","14.80"," 0.00","11"
"2101","南港","5,918,105","280,533,361","46.20","48.25","45.80","48.00","+1.80","3,171"
"2102","泰豐","1,905,177","41,317,204","21.55","21.95","21.45","21.65","+0.10","850"
"2103","台橡","1,453,638","23,938,484","16.35","16.60","16.30","16.55","+0.10","615"
"2104","國際中橡","3,264,370","64,216,536","19.20","19.85","19.20","19.70","+0.45","1,425"
"2105","正新","18,315,961","705,058,315","38.00","39.25","37.10","38.65","+0.90","6,576"
"2106","建大","2,916,955","87,456,450","29.85","30.25","29.45","30.00","+0.40","1,347"
"2107","厚生","1,220,913","22,012,384","18.05","18.10","17.95","18.00"," 0.00","434"
"2108","南帝","1,076,056","40,767,528","37.55","38.20","37.55","38.15","+0.25","707"
"2109","華豐","213,303","2,687,746","12.45","12.80","12.40","12.70","+0.25","92"
"2114","鑫永銓","25,050","1,962,555","78.20","78.70","78.10","78.70","+0.40","23"
"2115","六暉-KY","91,449","4,283,136","47.40","47.40","46.70","46.70","-0.30","76"
"2201","裕隆","8,910,301","213,357,639","24.20","24.25","23.55","23.85","-0.55","3,398"
"2204","中華","2,249,285","93,848,185","42.35","42.55","41.20","41.25","-0.30","1,288"
"2206","三陽工業","1,911,204","44,105,449","23.05","23.20","22.90","23.15","+0.10","772"
"2207","和泰車","391,408","253,263,016","646.00","658.00","641.00","645.00","-1.00","379"
"2208","台船","940,095","23,079,307","24.55","24.80","24.40","24.55"," 0.00","682"
"2227","裕日車","162,249","40,805,118","252.00","253.50","250.00","251.00","-2.00","154"
"2228","劍麟","122,225","9,673,712","79.80","79.80","78.70","79.30","+0.40","115"
"2231","為升","2,199,998","256,974,748","115.00","122.00","112.00","121.50","+4.50","1,660"
"2233","宇隆","340,914","23,037,191","67.30","68.10","67.20","67.50","+0.20","251"
"2236","百達-KY","23,217","381,997","16.35","16.75","16.15","16.50","+0.20","21"
"2239","英利-KY","125,206","9,569,721","75.90","77.20","75.50","77.10","+0.80","103"
"2243","宏旭-KY","83,600","985,320","11.50","12.40","11.40","11.80","+0.05","58"
"2301","光寶科","5,595,522","263,919,958","47.05","47.75","46.50","47.20","-0.60","3,214"
"2302","麗正","193,617","1,757,803","9.17","9.18","9.01","9.06","-0.07","110"
"2303","聯電","120,344,792","2,816,094,882","23.30","23.75","23.10","23.55","-0.20","30,927"
"2305","全友","363,715","2,533,834","6.90","7.05","6.90","6.98","+0.09","188"
"2308","台達電","4,379,274","884,389,198","204.50","204.50","200.00","201.50"," 0.00","2,518"
"2312","金寶","4,288,644","43,275,895","10.05","10.15","9.96","10.10","+0.05","1,063"
"2313","華通","30,936,647","1,543,682,666","49.20","50.70","48.30","50.50","+1.25","15,072"
"2314","台揚","1,543,810","37,031,940","24.00","24.30","23.80","24.10","+0.20","733"
"2316","楠梓電","1,088,452","34,420,414","31.50","31.90","31.15","31.85","+0.25","639"
"2317","鴻海","35,459,498","2,840,778,377","79.80","80.70","79.60","80.40","+0.90","13,587"
"2321","東訊","512,627","1,258,307","2.28","2.48","2.28","2.46","+0.20","122"
"2323","中環","41,052,764","330,191,547","7.83","8.34","7.83","8.02","+0.33","8,667"
"2324","仁寶","6,052,204","112,635,435","18.55","18.70","18.50","18.65","+0.05","2,244"
"2327","國巨","6,745,524","2,530,217,310","375.50","379.00","371.50","375.00","-1.50","5,301"
"2328","廣宇","2,446,563","45,458,662","18.35","18.70","18.30","18.60","+0.25","1,009"
"2329","華泰","4,174,775","46,777,335","11.10","11.50","11.00","11.45","+0.10","961"
"2330","台積電","24,259,947","10,332,447,763","424.00","428.00","423.00","427.00","-2.00","12,642"
"2331","精英","1,292,236","17,541,552","13.35","13.75","13.35","13.70","+0.35","528"
"2332","友訊","23,176,055","429,508,303","18.05","18.85","17.90","18.60","+0.70","7,056"
"2337","旺宏","10,141,302","306,197,944","30.10","30.35","30.05","30.30","+0.10","4,598"
"2338","光罩","3,750,727","110,680,114","29.35","29.75","29.25","29.60","+0.50","1,722"
"2340","光磊","3,361,852","68,922,229","20.45","20.75","20.05","20.70","+0.25","1,494"
"2342","茂矽","2,419,526","73,354,587","30.20","30.75","30.15","30.25","-0.15","1,267"
"2344","華邦電","12,564,840","164,693,631","13.10","13.20","13.00","13.15","-0.05","3,213"
"2345","智邦","7,392,805","1,673,392,431","224.00","228.50","222.00","228.50","+8.50","4,013"
"2347","聯強","4,218,124","191,872,882","46.05","46.05","45.10","45.55","-0.45","2,965"
"2348","海悅","1,130,252","102,331,220","92.00","92.30","89.50","90.10","-1.30","752"
"2349","錸德","17,238,706","102,973,905","5.83","6.13","5.74","6.04","+0.27","3,902"
"2351","順德","158,110","7,260,809","46.05","46.10","45.65","46.00","-0.05","108"
"2352","佳世達","5,406,687","98,533,673","18.15","18.35","18.05","18.15","+0.15","1,659"
"2353","宏碁","41,331,955","955,116,089","22.70","23.45","22.70","23.05","+0.40","15,009"
"2354","鴻準","1,964,636","104,919,379","53.10","53.70","53.00","53.60","+0.50","1,412"
"2355","敬鵬","884,140","22,803,925","25.70","26.00","25.60","25.80","-0.15","561"
"2356","英業達","15,570,520","368,459,561","23.90","23.95","23.55","23.65","-0.30","5,910"
"2357","華碩","6,825,597","1,667,395,168","243.00","247.50","240.00","245.00","+3.00","5,066"
"2358","廷鑫","156,002","2,327,328","15.05","15.05","14.75","14.95"," 0.00","70"
"2359","所羅門","323,967","6,106,873","18.70","19.00","18.65","18.95","+0.10","224"
"2360","致茂","2,875,328","455,980,487","155.00","160.00","154.50","159.00","+5.00","835"
"2362","藍天","818,240","24,170,605","29.50","29.75","29.20","29.55","+0.15","477"
"2363","矽統","7,686,366","97,866,349","12.45","12.95","12.40","12.85","+0.30","2,013"
"2364","倫飛","160,074","343,303","2.10","2.15","2.10","2.15"," 0.00","37"
"2365","昆盈","1,023,102","8,999,483","8.62","8.99","8.59","8.99","+0.40","377"
"2367","燿華","8,045,366","208,962,427","26.00","26.40","25.80","26.00"," 0.00","3,403"
"2368","金像電","123,761,636","6,470,239,582","51.10","54.60","49.65","53.10","+0.90","55,639"
"2369","菱生","3,739,731","43,790,847","11.50","11.90","11.45","11.70","+0.20","1,256"
"2371","大同","17,974,144","300,041,051","16.75","17.00","16.50","17.00","+0.50","2,439"
"2373","震旦行","8,714","724,101","83.00","83.30","83.00","83.20","+0.10","16"
"2374","佳能","308,284","3,769,131","12.20","12.40","12.10","12.30","+0.10","159"
"2376","技嘉","13,840,380","1,177,125,020","84.50","86.40","82.10","85.50","+1.50","8,879"
"2377","微星","6,727,948","963,191,512","140.50","146.00","139.00","144.00","+2.00","4,745"
"2379","瑞昱","4,839,784","1,940,820,169","390.50","407.00","390.50","406.50","+14.00","3,659"
"2380","虹光","923,427","4,565,675","4.99","5.04","4.85","4.99","-0.02","293"
"2382","廣達","44,662,142","3,580,953,412","77.00","82.00","76.80","81.00","+6.00","20,073"
"2383","台光電","1,207,300","204,841,443","168.50","171.50","168.00","170.50","+1.50","982"
"2385","群光","2,688,363","236,279,544","88.10","89.40","86.60","88.00","-0.30","1,982"
"2387","精元","27,694,466","1,844,580,429","63.00","68.40","62.50","68.40","+6.20","13,881"
"2388","威盛","1,671,204","61,570,320","36.70","37.25","36.20","37.20","+0.50","1,057"
"2390","云辰","3,876,141","71,778,653","18.45","18.90","18.30","18.45","-0.15","1,716"
"2392","正崴","2,010,347","80,905,296","40.20","40.60","40.00","40.20","-0.20","1,190"
"2393","億光","5,106,486","177,648,050","34.55","35.40","34.10","35.30","+0.75","2,571"
"2395","研華","994,935","302,254,730","307.50","307.50","301.50","301.50"," 0.00","572"
"2397","友通","41,000","2,823,100","68.60","69.10","68.50","69.10"," 0.00","29"
"2399","映泰","869,150","8,261,313","9.56","9.56","9.48","9.49","+0.01","308"
"2401","凌陽","6,595,951","83,757,011","12.50","12.95","12.35","12.85","+0.25","2,010"
"2402","毅嘉","2,868,401","46,855,015","15.85","16.70","15.85","16.25","+0.35","1,002"
"2404","漢唐","2,154,295","448,189,540","210.50","210.50","206.50","207.50","-4.50","1,699"
"2405","浩鑫","832,632","7,583,470","9.04","9.20","8.98","9.15","+0.11","336"
"2406","國碩","14,826,250","152,206,165","9.70","10.65","9.70","10.65","+0.95","4,693"
"2408","南亞科","11,210,587","613,663,042","54.50","55.20","54.10","55.10","-0.30","5,605"
"2409","友達","50,359,663","493,814,324","9.68","9.93","9.63","9.85","+0.11","13,873"
"2412","中華電","4,148,947","451,587,223","109.00","109.50","108.50","109.00","-0.50","2,105"
"2413","環科","184,362","2,827,350","15.40","15.45","15.25","15.25","-0.15","94"
"2414","精技","259,801","6,739,452","26.05","26.10","25.70","26.10","-0.05","184"
"2415","錩新","210,242","3,208,151","15.45","15.45","15.10","15.45"," 0.00","108"
"2417","圓剛","9,775,852","474,004,243","48.15","50.80","47.00","50.80","+2.65","5,779"
"2419","仲琦","370,183","8,030,629","21.50","22.00","21.20","21.95","+0.45","229"
"2420","新巨","164,051","5,626,241","34.25","34.40","34.20","34.35","+0.15","120"
"2421","建準","7,435,095","470,674,304","61.50","64.30","61.30","63.50","+1.90","4,743"
"2423","固緯","316,738","7,022,795","22.40","22.50","22.00","22.15","-0.20","151"
"2424","隴華","2,195","36,947","16.90","16.90","16.90","16.90","X0.00","9"
"2425","承啟","195,705","4,639,516","23.60","23.90","23.55","23.60","+0.05","151"
"2426","鼎元","27,100,620","423,150,538","15.30","16.05","15.15","15.70","+0.55","8,192"
"2427","三商電","288,374","3,033,427","10.50","10.55","10.45","10.55","+0.15","104"
"2428","興勤","1,041,578","108,172,897","102.50","105.00","101.50","104.50","+2.50","778"
"2429","銘旺科","26,011","467,146","18.00","18.00","17.85","17.85","-0.05","20"
"2430","燦坤","108,652","1,989,025","18.20","18.40","18.20","18.40","+0.05","71"
"2431","聯昌","462,096","4,506,585","9.71","9.89","9.61","9.83","+0.12","204"
"2433","互盛電","172,000","8,466,950","49.40","49.55","48.90","49.25","-0.20","116"
"2434","統懋","20,099","125,049","6.20","6.20","6.20","6.20","-0.18","12"
"2436","偉詮電","940,896","27,298,834","28.85","29.40","28.65","29.25","+0.35","543"
"2438","翔耀","4,289","33,234","7.79","7.79","7.75","7.75","-0.04","8"
"2439","美律","2,526,334","420,168,612","168.00","168.00","165.00","166.00","+0.50","1,865"
"2440","太空梭","632,882","6,455,343","10.20","10.20","10.15","10.20","+0.89","211"
"2441","超豐","824,097","42,769,028","51.40","52.30","51.20","51.90","+0.20","457"
"2442","新美齊","526,737","4,457,519","8.46","8.50","8.43","8.45","-0.09","199"
"2443","億麗","1,747,601","6,690,383","3.64","3.85","3.57","3.85","+0.35","376"
"2444","兆勁","210,440","3,006,635","14.20","14.45","14.15","14.45","+0.15","114"
"2448","晶電","15,281,380","656,638,738","42.95","43.35","42.35","43.05","+0.10","6,735"
"2449","京元電子","23,286,755","834,027,744","35.65","36.00","35.50","35.80","+0.30","9,600"
"2450","神腦","102,107","2,878,103","28.00","28.60","28.00","28.50","+0.50","79"
"2451","創見","781,324","50,668,318","64.90","64.90","64.60","64.70","-0.30","581"
"2453","凌群","2,913,838","51,970,351","17.20","18.10","17.20","17.95","+0.80","1,314"
"2454","聯發科","9,672,925","6,534,060,700","670.00","683.00","670.00","680.00","-4.00","7,620"
"2455","全新","678,053","57,812,280","84.80","86.00","84.40","86.00","+0.80","522"
"2456","奇力新","19,102,278","2,027,958,354","104.00","108.50","103.00","108.00","+5.00","11,441"
"2457","飛宏","1,186,521","11,118,397","9.35","9.51","9.27","9.32","+0.06","502"
"2458","義隆","7,099,108","981,618,336","137.00","141.50","133.00","141.50","+3.00","4,753"
"2459","敦吉","64,343","2,584,836","40.10","40.25","40.10","40.20","+0.05","50"
"2460","建通","794,140","8,938,864","11.25","11.80","11.10","11.25","-0.25","303"
"2461","光群雷","3,699,583","59,400,070","15.45","16.40","15.45","16.30","+0.90","1,667"
"2462","良得電","42,346","1,086,438","25.60","25.75","25.50","25.60","+0.20","28"
"2464","盟立","892,961","39,266,939","43.90","44.25","43.40","44.05","+0.55","623"
"2465","麗臺","4,023,262","50,764,173","12.10","13.10","11.90","12.75"," 0.00","1,578"
"2466","冠西電","116,000","3,333,850","28.70","28.80","28.55","28.80","+0.05","68"
"2467","志聖","287,102","8,043,806","28.10","28.15","27.90","28.05"," 0.00","179"
"2468","華經","168,140","2,405,937","14.35","14.40","14.20","14.35"," 0.00","89"
"2471","資通","99,041","2,071,511","21.30","21.30","20.85","20.85","-0.15","74"
"2472","立隆電","7,795,898","412,442,950","49.80","54.50","49.60","53.80","+4.20","4,731"
"2474","可成","12,792,482","2,633,439,256","208.00","209.50","203.00","206.00","-4.50","7,523"
"2476","鉅祥","79,964","1,549,594","19.40","19.45","19.25","19.45","+0.05","45"
"2477","美隆電","57,093","1,251,590","21.95","22.10","21.80","22.10","+0.15","37"
"2478","大毅","2,450,004","182,895,395","74.10","75.60","73.30","75.00","+0.60","1,682"
"2480","敦陽科","473,011","29,689,593","63.10","63.10","62.60","62.70","-0.40","354"
"2481","強茂","7,346,924","223,301,219","30.00","30.85","29.70","30.45","+0.40","3,887"
"2482","連宇","128,487","1,408,197","10.95","11.05","10.90","10.90","-0.10","92"
"2483","百容","89,207","1,712,214","19.20","19.25","19.10","19.25","+0.20","50"
"2484","希華","1,704,539","40,136,916","23.15","23.80","23.15","23.75","+0.60","782"
"2485","兆赫","1,106,893","20,650,908","18.75","18.80","18.55","18.65","-0.10","573"
"2486","一詮","549,513","4,859,203","8.88","8.91","8.75","8.85"," 0.00","235"
"2488","漢平","179,401","5,604,331","30.85","31.10","30.40","31.00","+0.15","87"
"2489","瑞軒","3,113,153","31,799,951","10.10","10.35","10.05","10.25","+0.20","962"
"2491","吉祥全","82,467","653,783","7.88","8.05","7.88","7.89","+0.01","34"
"2492","華新科","3,669,136","660,906,116","179.50","182.00","177.00","181.50","+2.50","2,476"
"2493","揚博","353,101","11,337,121","32.40","32.40","31.90","32.10","-0.30","227"
"2495","普安","81,855","1,042,006","12.50","12.80","12.50","12.75","+0.15","55"
"2496","卓越","29,000","1,843,500","63.80","64.20","62.80","62.90","-0.90","25"
"2497","怡利電","44,000","708,900","16.20","16.35","16.05","16.35","+0.15","27"
"2498","宏達電","4,904,147","146,687,964","29.50","30.40","29.40","30.00","+0.55","2,282"
"2501","國建","430,033","8,216,476","19.00","19.20","18.95","19.10","+0.10","216"
"2504","國產","28,586,545","536,324,305","18.05","19.35","17.90","19.10","+1.00","9,687"
"2505","國揚","11,129,257","346,359,722","31.50","31.95","30.25","30.65","-0.75","4,543"
"2506","太設","1,511,543","14,306,736","9.41","9.70","9.39","9.55","+0.09","79"
"2509","全坤建","49,729","1,045,202","21.05","21.20","21.00","21.20"," 0.00","21"
"2511","太子","769,083","7,542,233","9.80","9.83","9.79","9.81","-0.01","265"
"2514","龍邦","339,196","4,812,962","14.10","14.35","14.10","14.15"," 0.00","121"
"2515","中工","11,538,282","89,517,954","7.70","7.84","7.66","7.84","+0.07","2,263"
"2516","新建","360,085","1,997,884","5.53","5.58","5.52","5.54","+0.01","95"
"2520","冠德","4,947,375","173,514,940","34.00","35.80","33.65","35.25","+1.75","2,185"
"2524","京城","335,216","12,317,225","37.25","37.25","36.30","36.85","-0.55","164"
"2527","宏璟","309,055","6,589,782","21.35","21.40","21.20","21.25","-0.10","108"
"2528","皇普","81,538","1,879,874","23.05","23.15","22.90","23.15","+0.10","53"
"2530","華建","490,510","8,157,512","16.05","16.95","16.05","16.75","+0.70","234"
"2534","宏盛","341,915","5,960,819","17.40","17.50","17.35","17.45","+0.15","209"
"2535","達欣工","6,725,579","165,210,035","24.15","24.75","24.10","24.70","+0.65","2,563"
"2536","宏普","429,119","10,462,858","24.25","24.50","24.15","24.45","+0.20","212"
"2537","聯上發","1,492,389","15,084,824","10.10","10.25","10.05","10.10","-0.05","435"
"2538","基泰","330,419","3,234,370","9.80","9.88","9.73","9.78","-0.02","136"
"2539","櫻花建","718,131","25,223,522","35.20","35.30","35.00","35.00"," 0.00","331"
"2540","愛山林","389,200","14,198,878","36.30","36.90","36.00","36.90","+0.90","215"
"2542","興富發","2,312,898","99,672,337","43.40","43.45","42.90","43.10","-0.65","1,407"
"2543","皇昌","58,032","371,174","6.30","6.59","6.30","6.42","+0.12","34"
"2545","皇翔","154,300","5,614,334","36.25","36.50","36.15","36.40","+0.10","87"
"2546","根基","777,595","34,164,204","43.50","44.70","43.05","44.30","+1.95","506"
"2547","日勝生","1,805,147","18,022,600","9.93","10.05","9.91","10.00","+0.14","496"
"2548","華固","1,339,963","117,586,532","87.40","88.00","87.20","87.90","+0.50","989"
"2597","潤弘","109,079","6,572,379","59.90","61.00","59.70","60.50","+0.90","76"
"2601","益航","7,140,784","71,964,060","9.92","10.20","9.90","10.10","+0.27","1,685"
"2603","長榮","171,265,938","2,287,657,522","13.20","13.55","12.85","13.55","+1.20","18,664"
"2605","新興","6,031,954","91,947,530","14.85","15.50","14.85","15.35","+0.60","2,136"
"2606","裕民","1,975,816","58,729,530","29.25","30.00","29.25","29.70","+0.50","969"
"2607","榮運","2,806,728","38,223,061","13.40","13.75","13.40","13.65","+0.30","692"
"2608","嘉里大榮","58,630","2,324,133","39.40","39.75","39.40","39.65"," 0.00","56"
"2609","陽明","30,176,892","253,598,312","8.00","8.67","7.90","8.59","+0.70","7,075"
"2610","華航","18,841,992","152,097,730","8.01","8.20","7.96","8.08","+0.07","5,552"
"2611","志信","138,977","923,122","6.65","6.70","6.58","6.62","-0.06","55"
"2612","中航","430,599","10,718,475","24.50","25.15","24.50","25.15","+0.60","217"
"2613","中櫃","78,196","1,132,379","14.40","14.60","14.35","14.45","-0.10","43"
"2614","東森","2,318,336","36,447,944","15.65","15.85","15.55","15.70","-0.05","783"
"2615","萬海","21,009,775","419,549,719","19.35","20.70","19.20","19.90","+0.85","7,067"
"2616","山隆","99,754","2,982,120","29.70","29.85","29.65","29.80"," 0.00","46"
"2617","台航","1,158,565","19,156,199","16.35","16.75","16.25","16.55","+0.35","408"
"2618","長榮航","14,781,268","165,308,747","11.10","11.25","11.00","11.20","+0.10","3,189"
"2630","亞航","39,000","631,500","16.20","16.25","16.10","16.25","+0.15","23"
"2633","台灣高鐵","14,084,119","473,216,036","32.70","34.00","32.50","33.95","+1.25","6,863"
"2634","漢翔","1,151,255","31,709,685","27.40","27.70","27.30","27.60","+0.20","575"
"2636","台驊投控","1,126,063","35,614,380","30.90","32.10","30.90","31.55","+0.55","612"
"2637","慧洋-KY","1,706,652","39,343,851","22.80","23.25","22.80","23.10","+0.30","746"
"2642","宅配通","607,200","20,964,350","34.10","34.70","34.10","34.65","+0.55","383"
"2701","萬企","104,854","1,260,448","12.00","12.10","12.00","12.05","+0.05","27"
"2702","華園","112,567","1,926,481","17.30","17.35","16.90","17.05","-0.05","77"
"2704","國賓","109,012","3,095,991","28.50","28.80","28.20","28.30","-0.20","68"
"2705","六福","211,087","3,414,694","16.10","16.30","16.10","16.30","+0.10","111"
"2706","第一店","53,071","723,831","13.60","13.70","13.60","13.65","+0.05","50"
"2707","晶華","121,594","16,183,096","133.50","134.00","132.00","133.50","+0.50","127"
"2712","遠雄來","6,001","240,640","39.20","40.50","39.20","40.20","-0.60","7"
"2722","夏都","97,008","2,540,310","26.40","26.50","25.95","26.05","-0.45","73"
"2723","美食-KY","2,711,884","304,803,508","114.00","115.00","110.00","112.00","-1.00","1,968"
"2727","王品","290,964","21,936,670","75.60","76.00","75.00","75.20","-0.40","259"
"2731","雄獅","69,300","4,657,340","67.20","67.60","67.00","67.30","+0.10","63"
"2739","寒舍","36,568","993,129","27.10","27.45","27.00","27.15","+0.10","33"
"2748","雲品","36,000","1,647,400","45.55","46.05","45.55","45.90","-0.05","30"
"2801","彰銀","2,950,147","54,313,986","18.45","18.45","18.35","18.40","-0.15","1,128"
"2809","京城銀","1,419,141","52,009,512","36.95","37.00","36.45","36.85","-0.05","639"
"2812","台中銀","6,100,539","73,128,218","12.00","12.00","11.95","11.95","-0.05","1,232"
"2816","旺旺保","114,446","2,073,170","18.00","18.20","18.00","18.20","+0.25","52"
"2820","華票","862,616","12,761,558","14.85","14.85","14.75","14.80","-0.05","390"
"2823","中壽","8,914,937","184,253,606","20.55","20.75","20.50","20.70","+0.20","2,435"
"2832","台產","67,002","1,324,088","19.85","19.85","19.70","19.80","-0.05","31"
"2834","臺企銀","9,010,044","90,905,146","10.10","10.15","10.05","10.15","+0.05","1,805"
"2836","高雄銀","620,685","6,210,080","10.00","10.05","9.97","10.05"," 0.00","159"
"2838","聯邦銀","1,733,011","18,164,962","10.40","10.60","10.35","10.55","+0.10","536"
"2838A","聯邦銀甲特","66,000","3,478,600","52.80","52.80","52.70","52.80"," 0.00","21"
"2841","台開","5,866,631","45,889,567","7.66","7.93","7.65","7.81","+0.12","1,397"
"2845","遠東銀","2,035,503","22,967,817","11.30","11.30","11.25","11.30"," 0.00","586"
"2849","安泰銀","189,100","2,583,325","13.70","13.80","13.60","13.75"," 0.00","74"
"2850","新產","102,000","3,513,600","34.45","34.50","34.30","34.45"," 0.00","58"
"2851","中再保","443,278","8,608,401","19.40","19.50","19.30","19.50","+0.15","201"
"2852","第一保","158,001","2,039,462","12.95","12.95","12.85","12.95","-0.05","40"
"2855","統一證","3,205,134","49,656,229","15.40","15.65","15.30","15.60","+0.15","818"
"2867","三商壽","2,010,833","19,261,768","9.61","9.62","9.54","9.60","-0.05","468"
"2880","華南金","14,400,729","271,334,951","18.95","19.00","18.80","18.80","-0.15","5,895"
"2881","富邦金","11,494,689","480,370,988","41.60","42.00","41.60","41.85","-0.15","2,893"
"2881A","富邦特","339,208","21,505,784","63.40","63.50","63.30","63.40","-0.10","46"
"2881B","富邦金乙特","13,542","857,353","63.20","63.40","63.20","63.40"," 0.00","13"
"2882","國泰金","7,782,293","313,871,930","40.45","40.50","40.10","40.30","-0.40","2,531"
"2882A","國泰特","8,000","504,900","63.10","63.20","63.10","63.10","-0.10","8"
"2882B","國泰金乙特","8,331","528,984","63.20","63.70","63.20","63.70"," 0.00","13"
"2883","開發金","12,602,679","108,961,261","8.64","8.67","8.62","8.66","-0.02","2,796"
"2884","玉山金","13,286,141","357,398,676","27.00","27.05","26.85","26.95","-0.05","4,789"
"2885","元大金","32,531,743","621,285,063","19.05","19.15","19.00","19.10"," 0.00","6,379"
"2886","兆豐金","34,089,922","1,025,057,963","30.30","30.30","30.00","30.05","-0.35","15,665"
"2887","台新金","10,763,823","141,293,364","13.10","13.20","13.05","13.15","-0.05","2,826"
"2887E","台新戊特","12,504","672,961","54.00","54.00","53.80","53.80","+0.20","14"
"2887F","台新戊特二","1,260","66,046","52.50","52.50","52.50","52.50","X0.00","3"
"2888","新光金","20,991,978","176,639,564","8.43","8.44","8.39","8.41","-0.02","2,856"
"2888A","新光金甲特","55,695","2,502,553","45.00","45.00","44.90","44.90","-0.05","42"
"2889","國票金","1,958,352","22,994,329","11.75","11.80","11.70","11.75"," 0.00","629"
"2890","永豐金","12,989,862","142,287,732","10.95","11.00","10.90","11.00"," 0.00","1,751"
"2891","中信金","21,702,997","420,792,403","19.40","19.45","19.35","19.35","-0.15","6,278"
"2891B","中信金乙特","2,421","158,088","65.30","65.30","65.30","65.30","-0.10","10"
"2891C","中信金丙特","20,461","1,297,767","63.20","63.50","63.10","63.50"," 0.00","37"
"2892","第一金","24,347,578","528,163,260","21.75","21.80","21.65","21.65","-0.20","8,745"
"2897","王道銀行","887,210","5,980,147","6.75","6.78","6.70","6.76"," 0.00","266"
"2897A","王道銀甲特","36,000","363,500","10.10","10.10","10.05","10.10"," 0.00","15"
"2901","欣欣","88,869","2,128,274","23.75","24.20","23.70","24.20","+0.45","54"
"2903","遠百","1,904,762","48,106,455","25.05","25.55","24.75","25.10","-0.05","749"
"2904","匯僑","89,560","2,141,019","24.00","24.00","23.85","23.85","-0.15","64"
"2905","三商","873,614","21,093,890","24.10","24.40","23.95","24.30","+0.20","507"
"2906","高林","259,700","3,527,653","13.65","13.75","13.50","13.75","+0.10","107"
"2908","特力","171,541","3,763,568","22.00","22.00","21.85","22.00","+0.20","85"
"2910","統領","24,000","745,300","31.20","31.55","30.65","31.50","-0.15","21"
"2911","麗嬰房","204,862","1,236,990","6.01","6.08","6.00","6.07","+0.05","93"
"2912","統一超","721,605","199,921,690","276.50","279.00","276.00","276.00","-2.50","667"
"2913","農林","1,593,678","26,938,177","17.00","17.05","16.65","16.90","-0.10","308"
"2915","潤泰全","4,599,910","299,464,666","64.50","65.80","64.00","65.50","-1.70","2,116"
"2923","鼎固-KY","49,232","1,221,276","24.50","24.95","24.50","24.90","+0.25","38"
"2929","淘帝-KY","1,395,487","53,582,095","38.95","39.30","37.90","38.30","-1.50","1,002"
"2936","客思達-KY","102,005","2,045,401","20.10","20.35","19.50","20.10","-0.15","59"
"2939","凱羿-KY","457,000","50,860,000","114.00","114.50","109.50","109.50","-4.50","257"
"3002","歐格","268,050","3,076,920","11.55","11.55","11.40","11.50","-0.05","86"
"3003","健和興","372,250","14,870,700","39.80","40.25","39.45","39.95","+0.20","238"
"3004","豐達科","49,057","2,606,048","53.30","53.40","52.70","53.40","+0.10","37"
"3005","神基","4,581,064","202,927,916","44.50","45.00","43.90","44.00","+0.70","2,370"
"3006","晶豪科","2,242,502","86,464,046","38.75","38.80","38.10","38.75","-0.30","1,199"
"3008","大立光","223,904","862,128,350","3,850.00","3,875.00","3,810.00","3,855.00","+5.00","794"
"3010","華立","1,924,588","115,434,433","59.40","60.40","59.10","60.10","+0.80","907"
"3011","今皓","270,002","1,517,440","5.68","5.68","5.57","5.64","+0.03","63"
"3013","晟銘電","199,285","2,549,498","12.70","12.90","12.70","12.90","+0.25","81"
"3014","聯陽","1,611,391","111,436,400","69.00","69.90","68.00","69.60","+0.50","1,199"
"3015","全漢","2,976,668","93,248,152","31.00","32.15","30.30","31.75","+0.70","1,586"
"3016","嘉晶","2,349,669","160,632,289","67.70","69.20","67.30","68.60","+0.90","1,529"
"3017","奇鋐","66,705,982","3,727,854,952","56.00","57.50","54.10","56.60","+1.00","32,900"
"3018","同開","142,366","2,989,486","21.20","21.30","20.80","20.85","-0.35","90"
"3019","亞光","1,537,210","107,898,731","70.50","71.00","69.00","70.70","+0.70","1,078"
"3021","鴻名","479,000","7,169,800","14.85","15.15","14.55","14.95","-0.10","166"
"3022","威強電","356,337","16,991,739","47.70","48.50","47.00","47.90","+0.60","302"
"3023","信邦","619,573","107,960,775","174.50","176.00","172.50","176.00","+1.50","523"
"3024","憶聲","3,272,230","35,790,888","11.00","11.15","10.80","10.95","-0.30","1,109"
"3025","星通","91,002","1,725,338","19.10","19.10","18.80","19.00","-0.10","42"
"3026","禾伸堂","825,828","89,967,163","109.00","110.00","107.50","109.50","+0.50","648"
"3027","盛達","5,463,520","80,461,007","14.20","15.15","14.20","14.80","+0.60","2,151"
"3028","增你強","544,227","10,726,241","19.60","19.85","19.55","19.70","+0.20","276"
"3029","零壹","1,637,840","71,970,566","43.55","44.45","43.00","44.10","+0.65","983"
"3030","德律","1,016,671","56,890,438","55.80","56.20","55.50","56.10","+0.30","650"
"3031","佰鴻","143,247","1,912,407","13.30","13.50","13.25","13.45","+0.15","68"
"3032","偉訓","1,572,268","59,791,595","38.10","38.90","37.30","38.25","-0.50","938"
"3033","威健","1,905,861","34,223,688","18.00","18.05","17.90","17.95"," 0.00","799"
"3034","聯詠","5,774,949","1,623,701,914","282.50","285.00","276.00","285.00","+0.50","3,615"
"3035","智原","1,969,216","91,804,048","46.30","47.30","46.00","47.00","+0.75","1,318"
"3036","文曄","1,264,830","53,528,050","42.30","42.45","42.15","42.35","+0.05","593"
"3037","欣興","163,925,031","13,634,972,535","81.50","86.90","79.00","85.00","+4.40","85,437"
"3038","全台","2,627,999","48,936,077","18.25","18.90","18.15","18.55","+0.35","1,229"
"3040","遠見","145,150","5,278,297","36.15","36.50","36.10","36.50","+0.40","121"
"3041","揚智","3,008,967","82,513,473","26.55","28.00","26.55","27.80","+0.95","1,653"
"3042","晶技","7,342,760","601,384,334","81.80","83.50","80.40","82.50","+1.10","4,936"
"3043","科風","1,043,121","3,727,017","3.90","3.90","3.52","3.80","-0.10","204"
"3044","健鼎","1,588,840","193,611,740","120.50","123.00","120.50","122.50","+2.00","955"
"3045","台灣大","5,085,673","523,957,645","103.00","103.50","102.50","103.00","-0.50","1,722"
"3046","建碁","26,525","449,725","16.95","17.40","16.60","17.40","+0.45","22"
"3047","訊舟","2,728,490","33,368,399","12.15","12.45","12.10","12.20","+0.05","989"
"3048","益登","1,074,794","19,069,449","17.75","17.85","17.60","17.80","+0.05","521"
"3049","和鑫","7,004,496","69,276,879","9.70","10.00","9.69","9.85","+0.13","2,009"
"3050","鈺德","1,446,601","14,330,088","9.92","9.99","9.84","9.84","+0.18","419"
"3051","力特","11,709,041","68,207,296","5.96","5.97","5.32","5.49","+0.06","1,405"
"3052","夆典","11,321,684","140,024,958","12.80","13.10","11.85","12.00","-0.75","3,120"
"3054","立萬利","33,000","743,900","22.75","22.75","22.40","22.55","-0.05","19"
"3055","蔚華科","849,334","26,599,050","29.55","32.25","29.50","32.20","+2.65","419"
"3056","總太","811,247","28,616,615","35.35","35.45","35.20","35.35","-0.15","466"
"3057","喬鼎","3,611,592","21,189,967","5.88","5.88","5.70","5.88","+0.53","704"
"3058","立德","152,220","1,051,555","6.86","6.97","6.86","6.96","+0.14","79"
"3059","華晶科","868,475","23,217,681","26.55","26.85","26.55","26.75","+0.05","385"
"3060","銘異","659,551","9,360,064","14.00","14.30","13.95","14.25","+0.25","253"
"3062","建漢","735,866","11,056,756","14.90","15.10","14.90","15.10","+0.20","334"
"3090","日電貿","606,520","28,499,698","47.20","47.20","46.80","46.95","-0.15","459"
"3094","聯傑","325,162","6,518,447","19.80","20.25","19.80","20.15","+0.35","172"
"3130","一零四","6,052","926,980","152.50","153.50","152.50","153.50","+0.50","18"
"3149","正達","2,685,695","25,288,209","9.79","9.79","9.10","9.46","-0.29","1,050"
"3164","景岳","113,001","2,639,874","23.20","23.50","22.85","23.50","+0.25","50"
"3167","大量","37,549","1,639,407","43.70","43.75","43.60","43.70","+0.10","30"
"3189","景碩","53,182,890","4,085,582,220","80.00","80.00","74.00","77.20","-0.70","30,362"
"3209","全科","4,655,565","96,035,642","20.40","20.90","20.40","20.55","+0.45","1,989"
"3229","晟鈦","82,001","822,220","10.10","10.10","9.99","10.05","-0.05","34"
"3231","緯創","16,491,091","576,564,240","35.00","35.20","34.75","34.75","-0.10","7,779"
"3257","虹冠電","373,573","28,529,787","75.00","77.50","75.00","75.90","+0.50","293"
"3266","昇陽","73,000","959,950","13.15","13.15","13.15","13.15","+0.05","24"
"3296","勝德","98,509","1,384,826","13.95","14.15","13.95","14.05"," 0.00","52"
"3305","昇貿","2,125,090","51,780,688","24.90","24.90","24.00","24.55","-0.45","1,206"
"3308","聯德","110,686","701,014","5.98","6.49","5.98","6.32","+0.42","77"
"3311","閎暉","91,625","2,447,649","26.60","27.10","26.50","26.65","+0.05","116"
"3312","弘憶股","616,595","9,646,879","15.65","15.75","15.55","15.60"," 0.00","201"
"3321","同泰","937,297","15,905,060","17.00","17.50","16.55","17.15","+0.50","436"
"3338","泰碩","1,305,898","98,921,902","75.20","76.50","74.50","76.10","+1.00","940"
"3346","麗清","435,187","12,072,201","27.50","28.15","27.20","27.55","+0.20","220"
"3356","奇偶","178,736","4,056,781","22.35","22.95","22.35","22.75","+0.10","113"
"3376","新日興","1,157,644","173,574,772","151.00","151.50","149.00","149.50","-2.50","835"
"3380","明泰","2,637,350","72,329,518","27.30","27.75","26.90","27.60","+0.20","1,454"
"3383","新世紀","170,084","684,866","3.96","4.06","3.91","4.05","+0.06","76"
"3406","玉晶光","9,497,352","6,350,967,064","660.00","678.00","655.00","677.00","+27.00","7,582"
"3413","京鼎","2,721,410","548,505,832","198.50","204.50","196.50","204.50","+7.50","2,136"
"3416","融程電","192,400","13,099,679","68.60","69.00","67.00","68.40","-0.60","122"
"3419","譁裕","433,401","6,078,022","14.10","14.15","13.90","14.00","+0.15","189"
"3432","台端","41,300","515,030","12.50","12.55","12.40","12.50"," 0.00","20"
"3437","榮創","1,678,600","37,020,558","21.70","22.35","21.60","22.35","+0.65","874"
"3443","創意","1,806,614","534,972,928","290.00","301.50","288.00","301.50","+9.50","1,563"
"3450","聯鈞","7,989,964","581,741,478","74.00","74.50","72.00","72.30","-2.90","5,640"
"3454","晶睿","130,896","9,657,790","73.00","74.90","72.90","74.10","+1.10","116"
"3481","群創","76,260,717","622,597,679","8.09","8.24","8.07","8.22","+0.14","15,005"
"3494","誠研","408,563","1,678,118","4.13","4.23","4.05","4.15"," 0.00","111"
"3501","維熹","63,300","2,894,815","45.70","45.80","45.65","45.80"," 0.00","49"
"3504","揚明光","261,000","15,712,500","59.80","60.60","59.50","60.50","+0.90","175"
"3515","華擎","7,365,473","1,337,870,319","175.50","186.00","173.00","182.50","+12.00","5,595"
"3518","柏騰","773,610","23,285,310","28.50","31.00","28.00","31.00","+2.80","404"
"3528","安馳","19,010","736,486","38.80","38.90","38.50","38.85"," 0.00","19"
"3530","晶相光","482,072","39,941,791","83.00","83.60","82.20","83.50","+0.30","385"
"3532","台勝科","1,058,160","125,101,617","120.00","120.00","117.00","118.50","-1.50","933"
"3533","嘉澤","650,170","275,539,600","418.00","427.00","418.00","424.00","+6.00","570"
"3535","晶彩科","387,001","7,159,968","18.35","18.70","18.30","18.50","+0.10","195"
"3536","誠創","19,226","63,445","3.30","3.30","3.30","3.30","-0.19","7"
"3543","州巧","234,149","3,976,997","17.10","17.10","16.85","17.05","+0.05","77"
"3545","敦泰","3,570,476","130,208,869","36.60","36.85","36.20","36.40","-0.45","1,991"
"3550","聯穎","3,418,162","50,186,842","14.75","15.35","13.90","14.20","-0.80","1,421"
"3557","嘉威","1,371,019","109,637,189","80.90","82.00","78.50","79.00","-2.80","1,004"
"3563","牧德","1,604,882","473,923,560","300.50","301.50","289.00","295.50","-10.00","1,328"
"3576","聯合再生","117,812,752","1,246,709,104","10.15","10.95","10.00","10.95","+0.99","25,964"
"3583","辛耘","453,000","25,432,900","56.10","56.60","55.60","56.30","+0.50","392"
"3588","通嘉","1,037,389","41,663,071","39.45","40.80","38.80","40.55","+1.50","758"
"3591","艾笛森","205,301","2,370,075","11.55","11.70","11.35","11.55","-0.15","93"
"3593","力銘","133,892","1,546,967","11.10","11.70","11.10","11.45","-0.25","58"
"3596","智易","2,468,502","210,129,360","84.80","86.00","83.80","86.00","+0.80","1,795"
"3605","宏致","2,362,492","67,815,842","28.70","29.05","28.35","28.65"," 0.00","1,213"
"3607","谷崧","134,001","1,601,062","11.85","12.10","11.85","11.90","+0.05","71"
"3617","碩天","86,085","6,759,888","78.50","79.10","78.20","78.50","-0.10","78"
"3622","洋華","1,563,600","39,003,297","25.15","25.80","24.10","24.50","-0.15","938"
"3645","達邁","18,732,148","1,047,545,245","54.10","57.90","53.50","56.00","+3.10","10,749"
"3653","健策","4,894,168","1,564,255,015","305.00","330.00","302.00","330.00","+29.00","3,836"
"3661","世芯-KY","5,009,263","3,205,704,158","631.00","663.00","612.00","661.00","+25.00","4,368"
"3665","貿聯-KY","6,651,949","1,449,960,397","217.00","221.50","214.50","217.50","+7.50","4,534"
"3669","圓展","4,151,008","360,882,844","86.00","93.00","82.00","93.00","+8.40","2,676"
"3673","TPK-KY","7,400,258","397,602,832","53.70","54.60","52.90","53.90","+0.90","4,585"
"3679","新至陞","923,403","85,139,176","89.50","94.40","88.80","92.30","+3.10","743"
"3682","亞太電","3,205,634","22,973,977","7.11","7.23","7.08","7.21","+0.09","830"
"3686","達能","6,288,244","64,277,199","10.20","10.30","9.85","10.30","+0.93","1,704"
"3694","海華","6,065,644","172,903,563","28.45","28.60","27.80","28.60","+2.60","1,835"
"3698","隆達","5,333,333","124,919,236","23.20","23.65","23.05","23.55","-0.10","2,275"
"3701","大眾控","6,999","90,680","12.95","13.00","12.95","13.00"," 0.00","15"
"3702","大聯大","2,018,836","81,634,577","40.25","40.60","40.15","40.55","+0.05","1,200"
"3702A","大聯大甲特","197,431","9,911,091","50.20","50.30","50.20","50.20"," 0.00","100"
"3703","欣陸","16,674,751","255,857,230","14.90","15.70","14.80","15.40","+0.70","4,291"
"3704","合勤控","5,814,550","108,318,410","18.10","18.90","17.95","18.75","+0.65","2,425"
"3705","永信","355,152","15,985,917","44.80","45.30","44.80","44.95"," 0.00","257"
"3706","神達","4,003,316","113,708,380","28.30","28.60","28.10","28.45","+0.20","2,174"
"3708","上緯投控","1,869,253","184,712,994","98.50","100.00","97.50","98.20","+0.60","1,453"
"3711","日月光投控","16,360,373","1,096,294,173","67.70","67.80","66.70","66.80","-1.20","9,420"
"3712","永崴投控","1,323,052","48,811,449","36.70","37.50","36.40","36.80","+0.10","819"
"4104","佳醫","338,278","19,281,219","56.50","57.50","56.30","57.30","+0.80","265"
"4106","雃博","744,278","25,268,466","33.40","34.45","33.40","33.90","+0.50","501"
"4108","懷特","1,155,621","33,535,193","28.15","29.65","28.15","29.30","+0.30","753"
"4119","旭富","559,371","69,218,818","123.00","125.00","122.50","123.50","+1.00","436"
"4133","亞諾法","512,921","38,870,769","74.50","77.00","74.50","76.40","+1.90","375"
"4137","麗豐-KY","129,371","26,918,168","206.00","209.50","206.00","208.00","+2.00","121"
"4141","龍燈-KY","164,700","2,110,690","12.60","13.00","12.60","12.85","+0.30","115"
"4142","國光生","20,715,458","1,331,224,662","63.20","65.60","62.10","64.80","+0.80","11,582"
"4144","康聯-KY","177,379","4,745,140","26.75","26.80","26.70","26.75","-0.05","90"
"4148","全宇生技-KY","88,018","3,163,700","35.25","36.60","35.20","36.15","+1.35","76"
"4155","訊映","263,302","7,087,604","26.95","27.00","26.85","27.00","+0.05","200"
"4164","承業醫","238,125","9,653,779","40.30","40.70","40.30","40.60","+0.20","150"
"4190","佐登-KY","77,000","5,737,100","73.10","75.30","73.00","75.20","+1.70","70"
"4306","炎洲","7,639,943","99,588,620","12.95","13.30","12.80","12.80","+0.45","2,349"
"4414","如興","9,895,769","124,306,241","12.50","12.85","12.05","12.70","+0.40","3,275"
"4426","利勤","114,782","3,598,080","31.20","31.60","31.00","31.50","+0.30","97"
"4438","廣越","291,007","36,971,441","128.00","128.50","124.50","128.00"," 0.00","164"
"4439","冠星-KY","30,000","4,109,000","136.50","137.50","136.50","136.50","+0.50","17"
"4526","東台","1,039,700","12,806,677","12.15","12.60","12.15","12.55","+0.30","356"
"4532","瑞智","3,668,680","74,133,600","19.75","20.40","19.70","20.05","+0.30","878"
"4536","拓凱","1,892,773","303,551,746","172.00","172.00","154.00","156.00","-14.50","1,491"
"4540","全球傳動","177,004","8,898,314","50.20","50.70","49.85","50.50","+0.30","125"
"4545","銘鈺","36,001","1,114,380","30.90","31.05","30.90","30.90"," 0.00","24"
"4551","智伸科","1,181,300","220,035,400","187.50","192.50","182.50","184.50","-3.50","1,001"
"4552","力達-KY","489,972","17,098,371","35.25","35.25","34.50","34.85","-0.65","357"
"4555","氣立","68,000","3,371,200","49.85","49.95","49.30","49.60","-0.25","52"
"4557","永新-KY","14,001","857,861","61.60","61.60","61.10","61.10"," 0.00","11"
"4560","強信-KY","257,018","10,342,047","40.40","40.90","39.90","40.10","-1.10","166"
"4562","穎漢","8,000","141,000","17.65","17.75","17.50","17.75","+0.15","8"
"4564","元翎","2,869,415","93,700,639","31.55","33.15","31.40","32.65","+0.95","1,161"
"4566","時碩工業","62,000","2,329,350","37.45","37.75","37.45","37.65","+0.20","43"
"4571","鈞興-KY","22,000","1,348,300","61.20","61.40","61.20","61.40","-0.10","14"
"4572","駐龍","22,000","1,741,300","79.40","79.80","78.50","79.20","+0.10","16"
"4576","大銀微系統","101,087","7,968,573","79.00","79.50","78.40","78.80","-0.50","78"
"4581","光隆精密-KY","12,000","436,650","36.70","36.70","36.20","36.70"," 0.00","12"
"4720","德淵","171,300","2,197,140","12.70","12.95","12.70","12.75","+0.10","104"
"4722","國精化","1,047,531","27,883,180","26.65","27.00","26.00","26.80","+0.15","183"
"4725","信昌化","258,573","4,616,641","17.85","17.90","17.85","17.90","+0.05","149"
"4737","華廣","48,465","3,412,788","69.50","71.00","69.50","70.70","+0.60","35"
"4739","康普","188,811","10,875,811","57.20","57.90","57.20","57.60","+0.40","156"
"4746","台耀","12,483,803","703,090,645","54.10","57.60","53.20","57.60","+5.20","5,369"
"4755","三福化","160,000","11,072,300","69.20","69.80","68.50","69.70","-0.50","131"
"4763","材料-KY","173,252","22,284,381","127.50","129.50","127.00","128.50","+2.00","158"
"4764","雙鍵","38,300","2,461,800","64.50","65.00","63.70","64.50"," 0.00","31"
"4766","南寶","79,000","10,592,500","134.50","135.00","133.00","134.50","-0.50","63"
"4807","日成-KY","12,000","355,000","29.40","29.95","29.40","29.55","-0.15","11"
"4904","遠傳","2,630,811","164,831,669","63.00","63.00","62.50","62.60","-0.60","1,246"
"4906","正文","4,930,928","132,478,162","26.90","27.30","26.55","26.80","-0.30","2,257"
"4912","聯德控股-KY","2,091,485","292,165,855","134.50","146.00","132.50","145.00","+9.00","1,575"
"4915","致伸","1,309,369","53,987,717","41.35","41.60","41.00","41.30","-0.05","905"
"4916","事欣科","183,801","3,818,440","20.55","21.05","20.55","21.00","+0.20","117"
"4919","新唐","2,535,498","115,077,951","45.60","45.85","45.00","45.60","-0.35","1,555"
"4927","泰鼎-KY","6,662,585","506,059,446","74.40","77.00","73.80","76.90","+3.20","3,892"
"4930","燦星網","985,498","11,790,588","12.00","12.30","11.70","11.90","-0.05","486"
"4934","太極","13,442,821","266,160,999","19.10","20.15","19.10","19.80","+1.45","4,795"
"4935","茂林-KY","9,059,252","1,093,261,117","118.00","124.00","116.50","121.50","+6.00","5,412"
"4938","和碩","54,060,160","3,586,482,218","67.30","67.70","63.60","66.70","X0.00","23,765"
"4942","嘉彰","2,438,734","99,430,998","39.60","41.70","39.40","41.55","+1.95","1,270"
"4943","康控-KY","734,496","90,674,504","123.00","125.00","122.00","124.00","+1.00","551"
"4952","凌通","77,101","2,302,697","29.65","30.00","29.65","29.95","+0.20","75"
"4956","光鋐","2,417,343","48,044,460","19.45","20.25","19.20","19.90","+0.40","974"
"4958","臻鼎-KY","4,788,119","646,750,803","134.00","136.50","133.00","135.50","+1.00","2,749"
"4960","誠美材","7,101,411","57,420,201","7.75","8.23","7.73","8.16","+0.39","1,784"
"4961","天鈺","1,290,500","45,699,973","35.20","35.70","35.20","35.35","+0.25","724"
"4967","十銓","2,890,220","111,431,100","38.80","39.30","38.00","38.50","-0.35","1,322"
"4968","立積","5,863,586","1,579,393,908","263.00","277.50","258.00","277.00","+14.50","4,477"
"4976","佳凌","1,125,267","29,262,744","26.65","26.65","25.50","26.20","+0.20","575"
"4977","眾達-KY","1,216,000","150,115,500","123.00","127.00","121.00","124.00","+0.50","883"
"4989","榮科","85,000","1,486,050","17.50","17.60","17.35","17.35","-0.05","54"
"4994","傳奇","71,201","4,480,961","62.90","63.20","62.80","62.80","-0.10","49"
"4999","鑫禾","376,492","18,071,988","48.10","48.40","47.75","47.95"," 0.00","237"
"5007","三星","104,100","4,769,834","45.40","46.15","45.15","45.55","+0.05","92"
"5203","訊連","407,189","46,241,546","114.00","114.50","112.50","114.50"," 0.00","348"
"5215","科嘉-KY","4,649,197","803,888,657","167.00","176.50","164.00","175.50","+11.50","2,893"
"5225","東科-KY","133,000","3,201,200","23.90","24.40","23.90","24.20","+0.35","74"
"5234","達興材料","99,101","8,317,894","84.10","84.50","83.50","84.10","+0.20","87"
"5243","乙盛-KY","489,046","16,888,198","34.15","34.80","34.15","34.55","-0.40","278"
"5258","虹堡","215,135","4,810,263","22.10","22.80","22.00","22.40","+0.35","111"
"5264","鎧勝-KY","3,734,271","311,438,175","83.40","83.40","83.40","83.40","X0.00","1,274"
"5269","祥碩","1,011,722","1,830,877,090","1,780.00","1,850.00","1,735.00","1,845.00","+70.00","1,046"
"5283","禾聯碩","232,581","24,647,875","107.00","107.00","105.50","106.00","-1.00","181"
"5284","jpp-KY","33,000","1,205,700","36.80","36.80","36.30","36.30","-0.50","24"
"5285","界霖","50,133","2,056,403","41.60","41.60","40.85","41.00","-0.10","40"
"5288","豐祥-KY","190,100","19,360,249","102.00","102.50","101.00","102.00"," 0.00","125"
"5305","敦南","132,479","5,265,440","39.50","39.95","39.50","39.85","+0.35","101"
"5388","中磊","619,528","49,121,932","79.10","79.80","78.80","79.40","+0.20","445"
"5434","崇越","907,539","110,460,297","120.00","123.00","119.00","123.00","+3.00","685"
"5469","瀚宇博","25,097,653","1,108,122,435","42.70","45.15","42.70","45.15","+2.80","11,460"
"5471","松翰","2,133,762","117,268,050","54.80","55.60","54.30","54.70","-0.10","1,360"
"5484","慧友","73,102","648,533","9.00","9.00","8.74","8.95","-0.10","45"
"5515","建國","810,800","9,703,267","11.85","12.05","11.80","12.05","+0.20","318"
"5519","隆大","1,133,975","18,419,940","16.15","16.35","16.05","16.30","+0.15","346"
"5521","工信","7,285,450","74,422,414","10.20","10.35","10.05","10.20","+0.05","1,391"
"5522","遠雄","605,438","26,752,279","44.00","44.40","43.90","44.10","-0.10","431"
"5525","順天","93,190","2,037,490","22.00","22.00","21.70","21.95","-0.05","55"
"5531","鄉林","713,955","6,784,403","9.34","9.64","9.33","9.52","+0.11","266"
"5533","皇鼎","273,500","4,410,274","16.15","16.15","16.00","16.15"," 0.00","35"
"5534","長虹","780,032","70,383,377","90.20","90.40","89.90","90.20","+0.20","440"
"5538","東明-KY","1,000","30,000","30.00","30.00","30.00","30.00"," 0.00","1"
"5546","永固-KY","285,400","20,668,760","73.00","73.80","71.90","72.00","-1.00","156"
"5607","遠雄港","714,576","18,344,644","25.55","25.80","25.30","25.80","+0.25","265"
"5608","四維航","1,844,786","11,750,980","6.20","6.46","6.19","6.40","+0.23","738"
"5706","鳳凰","67,215","1,921,617","28.50","28.75","28.35","28.60","+0.05","56"
"5871","中租-KY","6,178,653","814,774,375","133.00","134.00","130.00","132.00","-0.50","3,845"
"5876","上海商銀","1,877,454","82,328,376","43.55","44.10","43.40","44.00","+0.15","662"
"5880","合庫金","11,616,141","237,268,292","20.50","20.55","20.35","20.45","-0.10","3,884"
"5906","台南-KY","1,000","21,500","21.50","21.50","21.50","21.50","-0.20","1"
"5907","大洋-KY","260,000","6,282,700","23.75","24.35","23.75","24.25","+0.50","125"
"6005","群益證","8,578,077","93,540,646","10.90","11.00","10.80","10.85","-0.05","1,919"
"6024","群益期","169,737","6,570,164","38.80","38.80","38.50","38.75","-0.05","111"
"6108","競國","798,741","17,972,583","22.65","22.65","22.35","22.45"," 0.00","377"
"6112","聚碩","551,955","22,739,626","41.00","41.70","40.50","41.50","+0.60","368"
"6115","鎰勝","161,310","6,726,573","41.90","41.90","41.55","41.70","-0.10","132"
"6116","彩晶","146,602,407","1,187,495,421","7.66","8.30","7.64","8.30","+0.65","25,093"
"6117","迎廣","21,000","394,950","18.95","18.95","18.40","18.80","+0.20","14"
"6120","達運","898,229","10,064,884","11.20","11.35","11.10","11.30","+0.10","445"
"6128","上福","21,000","565,300","26.65","27.00","26.65","26.95","+0.05","17"
"6131","鈞泰","2,702,410","7,437,230","2.70","2.98","2.70","2.70","-0.30","338"
"6133","金橋","208,295","1,578,698","7.50","7.68","7.50","7.60","+0.13","77"
"6136","富爾特","120,051","2,109,600","17.50","17.70","17.45","17.65","-0.10","74"
"6139","亞翔","947,089","30,673,837","32.10","32.70","32.00","32.35","+0.30","509"
"6141","柏承","3,228,143","68,060,828","20.60","21.50","20.30","21.30","+1.05","1,591"
"6142","友勁","438,667","3,601,152","8.19","8.28","8.17","8.20","+0.01","160"
"6152","百一","339,461","2,423,726","7.14","7.25","7.05","7.25","+0.16","123"
"6153","嘉聯益","10,181,944","309,138,076","29.00","30.95","28.90","30.35","+1.25","4,933"
"6155","鈞寶","229,100","4,812,330","20.55","21.40","20.55","21.30","+0.35","139"
"6164","華興","102,557","636,294","6.16","6.24","6.11","6.24","+0.02","69"
"6165","捷泰","4,806,420","232,875,228","46.50","50.20","46.00","47.70","+2.05","1,627"
"6166","凌華","194,591","13,174,479","68.50","68.50","67.20","67.60","-0.90","149"
"6168","宏齊","696,718","10,168,259","14.55","14.75","14.40","14.55","-0.15","331"
"6172","互億","13,000","321,100","24.85","24.85","24.60","24.75","+0.10","11"
"6176","瑞儀","6,238,187","736,792,339","115.50","120.00","114.50","119.00","+3.50","3,587"
"6177","達麗","573,479","15,493,475","27.05","27.15","26.95","27.10"," 0.00","294"
"6183","關貿","325,139","15,958,488","48.45","49.75","48.45","48.60","+0.30","265"
"6184","大豐電","95,200","3,849,908","40.60","40.60","40.35","40.45","-0.15","64"
"6189","豐藝","142,998","4,750,728","33.30","33.30","33.15","33.20","-0.10","117"
"6191","精成科","54,086,539","1,082,164,034","19.40","21.30","18.80","20.55","+0.95","20,318"
"6192","巨路","156,883","10,625,277","67.60","68.00","67.40","67.70","+0.10","107"
"6196","帆宣","2,390,070","255,914,589","104.00","110.00","103.50","108.50","+2.50","1,891"
"6197","佳必琪","1,761,546","63,319,735","36.45","36.45","35.60","35.85","-0.95","1,156"
"6201","亞弘電","30,000","1,000,200","33.30","33.40","33.30","33.30"," 0.00","17"
"6202","盛群","697,970","46,527,179","66.60","67.00","66.00","67.00","+0.40","539"
"6205","詮欣","279,059","9,550,670","34.70","34.80","33.55","34.25","+0.15","216"
"6206","飛捷","84,700","5,360,230","63.60","63.60","62.90","63.50"," 0.00","76"
"6209","今國光","2,691,564","100,891,816","37.00","38.00","37.00","37.45","+0.70","1,484"
"6213","聯茂","1,812,595","228,676,160","125.50","127.00","124.00","127.00","+1.50","1,301"
"6214","精誠","426,984","35,282,460","82.60","83.00","82.00","82.90","+0.10","330"
"6215","和椿","595,153","9,232,312","15.55","15.65","15.30","15.30"," 0.00","262"
"6216","居易","90,001","2,447,427","27.05","27.30","27.05","27.25","+0.20","54"
"6224","聚鼎","2,020,135","155,651,764","73.90","79.10","73.80","78.70","+4.50","1,426"
"6225","天瀚","99,438","460,370","4.60","4.70","4.60","4.60"," 0.00","16"
"6226","光鼎","524,017","4,129,581","7.84","7.94","7.75","7.91","+0.14","219"
"6230","超眾","591,101","145,749,250","248.00","249.50","242.50","248.50","+0.50","514"
"6235","華孚","1,261,642","18,839,409","14.80","15.15","14.80","14.90","-0.05","606"
"6239","力成","4,724,686","431,800,812","91.50","91.80","91.10","91.30","+0.10","3,032"
"6243","迅杰","516,089","6,297,126","12.20","12.35","12.00","12.20","+0.05","260"
"6251","定穎","52,945,590","1,051,620,679","18.85","20.40","18.75","20.40","+1.85","16,157"
"6257","矽格","2,624,511","112,446,033","42.65","43.25","42.30","43.25","+0.45","1,572"
"6269","台郡","1,681,846","229,323,816","135.50","138.00","134.00","137.50","+2.00","1,104"
"6271","同欣電","2,695,069","375,083,186","138.50","141.00","136.00","140.50","+3.00","1,825"
"6277","宏正","163,100","14,253,600","87.50","87.80","87.00","87.20","-0.30","129"
"6278","台表科","8,279,702","1,109,480,770","130.00","137.00","129.00","135.50","+5.00","5,508"
"6281","全國電","65,791","4,576,970","69.40","69.80","69.40","69.80","+0.40","55"
"6282","康舒","16,830,427","415,868,806","24.00","25.20","24.00","24.85","+0.85","6,735"
"6283","淳安","212,800","5,410,547","25.50","25.65","25.25","25.45","-0.05","125"
"6285","啟碁","1,001,832","67,262,956","67.10","67.50","66.70","67.40","+0.30","726"
"6288","聯嘉","1,193,200","30,474,030","25.60","25.80","25.40","25.40","-0.25","554"
"6289","華上","37,650","84,417","2.17","2.27","2.17","2.27","+0.10","20"
"6405","悅城","250,301","4,785,014","18.45","19.75","18.45","19.15","+0.75","128"
"6409","旭隼","137,860","134,570,220","994.00","994.00","965.00","980.00","-25.00","162"
"6412","群電","560,197","41,395,097","73.90","74.80","73.20","74.00"," 0.00","494"
"6414","樺漢","5,298,801","1,585,434,683","310.00","310.50","291.00","300.50","-6.50","4,283"
"6415","矽力-KY","890,722","1,493,856,280","1,675.00","1,740.00","1,625.00","1,740.00","-15.00","873"
"6416","瑞祺電通","1,121,070","170,579,850","153.00","154.50","150.50","152.00","-2.50","902"
"6431","光麗-KY","657,038","20,293,873","30.00","31.75","30.00","31.70","+1.40","306"
"6442","光聖","19,000","642,950","32.50","34.80","32.50","34.30","-1.00","17"
"6443","元晶","26,761,258","493,707,181","17.85","19.45","17.65","19.00","+1.25","10,276"
"6449","鈺邦","927,515","41,958,846","43.90","46.50","43.90","44.75","+0.40","603"
"6451","訊芯-KY","521,590","56,399,310","107.00","109.50","106.00","109.00","+2.00","376"
"6452","康友-KY","63,121","3,963,996","62.80","62.80","62.80","62.80","-6.90","32"
"6456","GIS-KY","10,212,229","1,386,909,004","134.50","138.00","133.50","135.00","+1.50","6,573"
"6464","台數科","291,025","33,138,025","115.50","120.50","115.50","120.00","+4.50","42"
"6477","安集","15,080,418","597,068,039","38.50","40.80","38.45","39.50","+1.40","8,228"
"6491","晶碩","280,030","49,029,550","176.00","177.50","173.50","174.50","-3.50","220"
"6504","南六","2,613,153","735,749,605","281.00","289.50","277.50","277.50","-1.00","2,219"
"6505","台塑化","1,509,577","125,392,004","83.00","83.50","82.30","83.00","-0.90","1,003"
"6525","捷敏-KY","112,561","6,701,002","59.10","59.80","59.10","59.80","+0.70","93"
"6531","愛普","4,240,842","1,620,116,372","385.50","398.50","371.00","396.00","+6.00","3,582"
"6533","晶心科","575,329","81,414,879","140.00","143.50","138.50","143.00","+2.00","483"
"6541","泰福-KY","150,962","6,020,121","39.50","40.30","39.40","40.20","+0.70","109"
"6552","易華電","255,251","13,698,152","53.30","54.00","53.10","53.50","+0.20","186"
"6558","興能高","303,160","10,741,428","35.25","35.95","35.00","35.55"," 0.00","206"
"6573","虹揚-KY","171,024","2,683,677","15.90","15.90","15.50","15.75","+0.05","133"
"6579","研揚","24,000","1,700,700","70.50","71.60","70.50","70.60","+0.10","15"
"6581","鋼聯","62,139","4,031,118","65.20","65.20","64.50","65.00","-1.00","48"
"6582","申豐","959,295","152,967,790","158.50","164.00","155.00","163.50","+5.00","816"
"6591","動力-KY","1,519,170","92,431,302","59.20","61.70","58.80","61.20","+2.40","1,098"
"6592","和潤企業","860,477","68,324,463","80.00","80.00","79.10","79.40","+0.40","464"
"6598","ABC-KY","756,606","75,630,308","99.90","102.00","98.00","100.50"," 0.00","670"
"6605","帝寶","105,129","5,251,866","50.00","50.10","49.70","49.95","-0.65","76"
"6625","必應","4,515","166,802","37.00","37.00","36.90","36.90","-0.20","9"
"6641","基士德-KY","6,000","368,400","61.90","61.90","60.90","60.90","-1.00","6"
"6655","科定","61,000","2,659,600","43.35","43.80","43.30","43.60","+0.25","35"
"6666","羅麗芬-KY","19,200","1,894,700","98.50","100.00","98.00","99.40","-0.40","19"
"6668","中揚光","361,096","21,094,592","58.50","59.10","57.80","58.80","+0.30","254"
"6669","緯穎","1,207,479","942,076,780","790.00","790.00","774.00","782.00","-7.00","1,123"
"6670","復盛應用","329,065","53,333,790","163.00","163.00","161.50","162.50","-0.50","254"
"6671","三能-KY","87,000","3,251,400","38.45","38.55","36.95","37.50"," 0.00","53"
"6672","騰輝電子-KY","225,610","19,088,050","84.30","85.00","84.10","85.00","+0.80","179"
"6674","鋐寶科技","39,000","1,194,700","30.65","31.20","29.80","30.95","+0.30","32"
"6698","旭暉應材","80,000","3,638,150","45.40","45.80","45.00","45.60","-0.20","74"
"6706","惠特","1,490,834","219,564,100","140.50","150.00","140.50","149.00","+7.50","1,213"
"6715","嘉基","1,040,225","144,283,161","141.00","141.00","136.00","138.00","-0.50","183"
"8011","台通","482,998","8,225,862","17.05","17.15","16.90","17.10","+0.05","290"
"8016","矽創","438,555","62,553,920","142.50","143.50","140.50","143.50","+2.00","378"
"8021","尖點","2,169,702","50,924,214","22.95","23.95","22.95","23.65","+0.70","1,092"
"8028","昇陽半導體","1,296,055","61,835,731","48.40","48.40","47.20","47.55","-0.80","921"
"8033","雷虎","302,486","3,114,651","10.40","10.55","10.20","10.20","-0.20","138"
"8039","台虹","2,892,662","157,221,375","54.20","54.90","53.20","54.70","+0.40","1,921"
"8046","南電","46,584,946","6,349,410,724","131.00","144.00","126.00","144.00","+13.00","26,851"
"8072","陞泰","80,308","2,358,972","29.20","29.60","29.00","29.50","+0.15","58"
"8081","致新","756,719","122,856,197","160.00","164.00","160.00","163.00","+2.50","636"
"8101","華冠","143,009","526,433","3.67","3.70","3.62","3.70","+0.01","46"
"8103","瀚荃","1,041,056","32,240,828","30.70","31.35","30.70","30.85","+0.25","466"
"8104","錸寶","497,283","26,019,243","51.60","53.10","51.20","52.50","+0.90","373"
"8105","凌巨","1,039,971","10,354,278","9.85","10.10","9.82","9.98","+0.15","390"
"8110","華東","4,435,105","44,196,338","9.61","10.10","9.60","9.91","+0.32","1,387"
"8112","至上","1,532,191","46,312,981","30.20","30.30","30.10","30.30","+0.20","804"
"8114","振樺電","40,634","3,279,898","80.40","81.20","80.40","81.20","+0.90","31"
"8131","福懋科","250,339","8,987,672","36.00","36.00","35.80","35.90","-0.15","181"
"8150","南茂","2,045,157","65,107,196","31.85","32.00","31.65","31.90","+0.05","1,087"
"8163","達方","2,375,379","92,745,877","39.10","39.30","38.70","39.15","-0.10","1,373"
"8201","無敵","64,001","591,409","9.22","9.35","9.17","9.17","-0.22","45"
"8210","勤誠","1,444,055","133,965,596","92.00","93.50","91.80","92.20","+1.40","931"
"8213","志超","40,321,873","1,847,500,615","43.50","47.40","43.35","46.20","+3.10","19,424"
"8215","明基材","2,503,641","46,031,871","18.35","18.60","18.20","18.30","+0.30","1,058"
"8222","寶一","27,975","370,197","13.25","13.25","13.15","13.20"," 0.00","61"
"8249","菱光","219,042","3,749,582","17.10","17.25","17.00","17.15","+0.05","114"
"8261","富鼎","9,825,950","297,646,445","30.50","31.00","29.55","29.90","+0.45","4,356"
"8271","宇瞻","1,102,325","42,851,100","39.05","39.40","38.10","39.20","+0.10","715"
"8341","日友","75,917","19,667,441","260.00","260.00","258.00","259.50"," 0.00","150"
"8367","建新國際","183,341","4,874,254","26.15","26.95","26.05","26.95","+0.80","120"
"8374","羅昇","160,050","3,582,617","22.60","22.60","22.25","22.30","-0.10","73"
"8404","百和興業-KY","151,786","4,614,734","30.65","30.80","30.20","30.20","-0.45","110"
"8411","福貞-KY","60,265","767,281","12.75","12.80","12.60","12.80","+0.05","45"
"8422","可寧衛","172,232","27,382,120","160.50","160.50","158.00","158.50","-1.50","181"
"8427","基勝-KY","2,000","85,000","42.25","42.75","42.25","42.75","+0.25","2"
"8429","金麗-KY","487,940","3,818,809","7.79","7.89","7.75","7.84","+0.04","314"
"8442","威宏-KY","113,022","4,798,812","41.50","46.60","41.40","46.35","+3.95","83"
"8443","阿瘦","50,298","504,742","10.05","10.10","9.95","10.10","-0.05","67"
"8454","富邦媒","160,458","98,433,044","611.00","616.00","609.00","615.00","+7.00","173"
"8462","柏文","52,761","9,100,153","173.50","173.50","171.50","173.00","-0.50","109"
"8463","潤泰材","104,000","3,775,250","36.45","36.65","36.15","36.20","+0.05","59"
"8464","億豐","1,086,911","380,200,391","346.00","355.00","342.50","349.50","+4.00","564"
"8466","美吉吉-KY","5,000","318,200","63.50","64.20","63.50","64.20","+0.70","4"
"8467","波力-KY","104,019","5,515,418","54.10","54.40","52.10","53.10","-2.90","77"
"8473","山林水","30,062","1,363,830","45.50","45.90","45.20","45.40","+0.20","23"
"8478","東哥遊艇","378,400","18,926,450","50.60","50.60","49.50","49.95","+0.25","232"
"8480","泰昇-KY","45,000","5,444,500","121.00","121.50","120.50","120.50"," 0.00","40"
"8481","政伸","12,000","730,300","61.10","61.90","60.00","61.90","+0.40","11"
"8482","商億-KY","44,000","4,797,500","109.00","109.50","107.00","108.50","+1.50","10"
"8488","吉源-KY","18,001","241,913","13.35","13.55","13.30","13.55","-0.10","10"
"8497","格威傳媒","1,100","75,740","68.80","68.80","68.80","68.80","X0.00","2"
"8499","鼎炫-KY","529,130","71,252,745","132.00","136.50","131.50","135.50","+3.50","406"
"8926","台汽電","1,819,430","70,065,920","38.50","39.00","38.15","38.80","+0.10","950"
"8940","新天地","29,641","304,974","10.20","10.30","10.20","10.30"," 0.00","72"
"8996","高力","1,455,211","89,341,226","61.60","62.40","60.20","62.20","+0.70","1,002"
"9103","美德醫療-DR","5,241,323","231,653,554","43.90","44.45","43.90","44.45","+4.00","2,361"
"910322","康師傅-DR","7,000","185,300","26.95","26.95","26.10","26.15"," 0.00","4"
"9105","泰金寶-DR","3,156,677","7,851,823","2.47","2.51","2.47","2.49","+0.01","399"
"910861","神州-DR","3,000","34,650","11.55","11.55","11.55","11.55","+0.10","2"
"9110","越南控-DR","344,000","1,090,680","3.17","3.18","3.16","3.18","+0.02","49"
"911608","明輝-DR","953,350","6,110,012","6.10","6.50","6.08","6.26","+0.14","287"
"911616","杜康-DR","1,694,000","5,793,480","3.42","3.42","3.42","3.42","+0.31","287"
"911622","泰聚亨-DR","0","0","0.00","0.00","0.00","0.00"," 0.00","0"
"911868","同方友友-DR","2,778,000","6,750,540","2.43","2.43","2.43","2.43","+0.22","255"
"912000","晨訊科-DR","4,928,200","16,618,266","3.23","3.48","3.20","3.48","+0.31","884"
"912398","友佳-DR","1,176,000","5,932,960","5.10","5.20","4.62","5.10","+0.05","408"
"9136","巨騰-DR","425,000","4,764,550","11.40","11.40","11.10","11.25","+0.15","146"
"9188","精熙-DR","1,364,000","4,366,970","3.11","3.31","3.10","3.17","+0.03","396"
"9802","鈺齊-KY","1,717,955","192,858,415","115.00","115.00","111.50","112.00","-3.00","1,305"
"9902","台火","235,497","2,342,530","9.92","10.05","9.90","10.05","+0.10","98"
"9904","寶成","4,775,258","132,679,592","27.65","28.05","27.65","27.70","-0.15","2,257"
"9905","大華","45,100","960,349","21.10","21.35","21.10","21.30","+0.20","32"
"9906","欣巴巴","36,466","1,544,872","42.50","43.00","42.20","42.60","+0.05","34"
"9907","統一實","1,822,020","16,816,071","9.16","9.28","9.15","9.28","+0.10","718"
"9908","大台北","241,712","7,410,807","30.50","30.90","30.40","30.70","+0.20","115"
"9910","豐泰","2,481,683","482,344,868","191.00","196.50","190.00","196.00","+5.50","1,753"
"9911","櫻花","260,127","12,768,494","48.75","49.85","48.55","49.35","+0.75","189"
"9912","偉聯","12,221","85,142","6.96","6.96","6.95","6.96"," 0.00","16"
"9914","美利達","2,485,964","618,402,964","250.00","254.50","242.00","247.50","+3.50","2,028"
"9917","中保科","142,732","12,235,919","85.70","85.90","85.60","85.60","-0.40","134"
"9918","欣天然","35,001","1,210,934","34.55","34.60","34.55","34.60"," 0.00","9"
"9919","康那香","25,821,764","1,159,865,980","43.80","46.50","43.30","44.60","+1.70","14,359"
"9921","巨大","2,062,955","633,023,275","304.00","314.00","301.00","304.00","+5.50","1,772"
"9924","福興","184,470","7,567,840","41.00","41.10","40.90","41.10","+0.20","89"
"9925","新保","157,556","5,674,959","36.00","36.10","35.90","36.10","+0.10","112"
"9926","新海","19,000","792,350","41.30","41.80","41.30","41.75","-0.05","12"
"9927","泰銘","119,392","3,616,105","30.20","30.50","30.15","30.50","+0.35","60"
"9928","中視","440,055","2,023,969","4.78","4.98","4.52","4.52","-0.26","67"
"9929","秋雨","231,996","3,020,198","13.40","13.40","12.50","13.15","-0.35","138"
"9930","中聯資源","47,325","2,137,955","45.40","45.40","45.05","45.25","-0.10","41"
"9931","欣高","42,051","1,645,661","38.85","39.30","38.80","39.30","X0.00","14"
"9933","中鼎","1,090,737","37,901,564","34.85","34.90","34.70","34.70","-0.30","772"
"9934","成霖","637,800","8,338,739","13.10","13.20","12.90","13.05","-0.05","228"
"9935","慶豐富","1,540,610","51,319,821","33.00","33.80","32.20","33.40","+0.85","725"
"9937","全國","10,006","449,670","44.60","45.20","44.60","45.20","+0.35","11"
"9938","百和","2,876,221","210,978,240","73.00","74.20","72.40","73.30","+0.30","1,814"
"9939","宏全","953,804","53,900,842","55.90","57.00","55.50","56.70","+0.80","612"
"9940","信義","331,874","9,917,597","30.10","30.10","29.75","29.75","-0.35","179"
"9941","裕融","845,561","96,274,227","113.00","114.50","112.50","114.50","+1.50","548"
"9941A","裕融甲特","10,200","549,540","53.90","54.00","53.80","54.00"," 0.00","12"
"9942","茂順","57,413","3,657,953","63.80","63.90","63.60","63.90","+0.10","36"
"9943","好樂迪","144,352","9,345,993","64.30","65.50","64.30","64.90","+0.40","128"
"9944","新麗","2,903,525","64,237,220","21.55","22.95","21.35","22.35","+1.10","1,293"
"9945","潤泰新","6,312,682","334,379,646","52.60","53.40","52.30","53.10","-0.30","3,144"
"9946","三發地產","181,682","3,217,753","17.70","17.80","17.60","17.75","-0.05","86"
"9955","佳龍","399,034","7,571,994","19.10","19.10","18.75","19.05","+0.30","237"
"9958","世紀鋼","8,058,301","803,494,799","100.00","102.00","98.50","98.50","-0.90","5,314"
